geoid_r,pop_rIp,educ_rIp,popd_rIp,GDPpc_rIp,allpat
1,25567.85,,-1.29,5105.31,0.00
4,268253.72,5.74,3.53,3583.40,0.00
6,281282.02,8.87,8.30,6366.47,0.03
7,18999.63,5.15,-0.94,5085.17,0.00
19,40269.75,4.91,-0.00,4895.34,0.02
27,68713.27,5.75,2.11,5308.03,0.06
34,266040.57,5.76,4.57,3993.85,0.00
36,36926.31,5.34,1.79,5282.99,0.00
38,816189.34,7.35,7.71,10851.32,0.05
40,439014.90,6.64,4.13,4354.41,0.03
41,672826.90,5.27,3.58,4046.02,0.02
44,460195.76,7.88,2.62,6001.37,0.00
45,513825.62,5.02,2.59,2514.17,0.03
48,64491.08,7.31,2.07,16403.25,0.03
49,105904.40,7.68,2.49,6935.24,0.01
51,611579.33,3.96,3.56,2152.32,0.00
52,313441.11,4.40,2.81,2575.60,0.03
53,619940.71,6.36,3.89,4009.92,0.03
57,479591.49,4.41,0.65,6552.42,0.01
60,281651.51,7.73,3.24,4627.73,0.02
62,3453398.82,8.77,5.23,7088.47,0.04
64,188930.25,7.09,3.79,3811.42,0.00
66,105142.28,7.66,3.73,12649.20,0.00
69,716040.34,9.09,4.82,9198.63,0.03
70,107106.08,6.01,2.96,2474.03,0.02
73,939128.78,6.40,5.47,2965.30,0.01
74,372867.45,4.76,4.07,1839.94,0.03
77,302888.54,6.23,4.23,5512.39,0.00
78,261154.33,6.92,4.43,4064.20,0.00
79,206001.77,6.24,3.59,2316.29,0.00
83,104176.53,4.99,3.98,2935.43,0.00
85,1648284.06,7.15,5.14,4932.72,0.05
86,326736.87,5.49,4.59,3034.08,0.03
88,204376.91,5.49,4.20,2331.06,0.03
91,1190966.80,8.03,5.11,5145.09,0.04
93,220729.75,6.23,4.96,3702.12,0.03
98,372279.72,4.09,0.37,7673.71,0.05
99,2295529.23,4.99,4.26,5953.18,0.05
101,585326.87,3.63,3.81,3316.16,0.02
102,835487.71,4.57,3.98,6091.39,0.10
105,873138.23,4.33,4.32,6672.06,0.03
106,2505815.74,7.34,8.03,8171.61,0.00
107,224778.67,4.96,5.59,5737.63,0.03
111,498352.62,3.37,3.53,3061.01,0.00
116,757463.48,4.62,4.03,4285.08,0.08
117,379206.51,4.00,3.47,4139.77,0.03
119,506684.55,4.20,3.75,3120.91,0.07
120,318695.98,3.60,4.01,2631.68,0.00
121,523526.78,4.07,3.85,3413.28,0.26
122,271553.21,4.49,1.81,6067.01,0.00
124,53806.31,5.44,-0.37,5224.73,0.06
126,166767.05,7.42,1.68,7451.75,0.00
127,193500.42,7.46,1.01,11847.96,0.14
128,120352.43,6.31,1.00,5947.85,0.03
129,281333.34,5.83,2.49,3340.54,0.03
130,2911671.29,7.38,5.71,7143.01,0.29
131,777064.69,7.00,4.39,5741.63,0.05
132,483719.39,5.13,3.14,2763.04,0.00
133,911651.18,5.85,3.67,4867.36,0.06
134,386770.81,5.35,3.68,5222.39,0.04
135,611255.93,5.02,2.62,3697.04,0.02
137,217107.57,3.09,0.99,3182.60,0.08
138,3513014.62,3.90,0.69,5185.02,0.18
139,2441919.36,2.67,2.68,1662.25,0.08
140,1375434.72,3.55,0.60,6588.67,0.07
141,3401389.47,4.67,2.33,7315.09,0.83
142,8291358.50,4.25,3.27,5357.02,0.74
143,5192056.61,5.10,3.49,7835.85,0.11
144,16780769.90,5.42,4.81,10874.09,0.29
145,4726060.15,4.44,3.76,6417.95,0.12
146,2536185.65,4.84,3.84,7061.19,0.45
147,3210966.71,3.10,3.76,2552.68,0.06
148,1273555.69,2.65,2.29,1624.14,0.05
149,1238120.03,2.78,4.45,2507.27,0.04
150,5873506.90,3.07,3.00,3467.07,0.20
151,1364551.09,4.53,4.01,5949.32,0.04
152,1588135.95,3.03,4.01,2208.19,0.12
153,3580801.41,3.67,4.27,3284.73,0.07
154,6921368.40,5.82,5.66,8996.18,0.19
155,1192414.48,3.48,3.78,2821.34,0.06
156,749997.24,3.20,4.21,3598.18,0.07
157,1041944.89,5.15,2.70,2657.33,0.05
162,150067.46,4.86,0.30,2570.46,0.02
163,362049.22,3.11,1.75,1784.17,0.00
166,126261.21,7.17,-0.41,18351.39,0.03
168,322980.91,6.73,1.85,5046.53,0.05
169,248033.94,6.73,0.45,12626.32,0.00
170,869751.88,6.68,2.24,7957.15,0.09
172,7936195.38,6.96,3.72,7362.34,0.50
173,1750590.09,9.60,9.69,25020.77,0.03
175,324457.89,6.32,0.88,7987.99,0.02
176,183109.72,6.68,1.34,8121.39,0.03
177,1658786.14,7.13,2.81,7813.02,0.01
179,288833.07,6.32,2.28,4911.49,0.00
180,136420.20,7.02,0.92,5146.55,0.02
181,498594.72,6.46,1.74,4576.77,0.14
182,402907.56,5.43,1.65,3583.08,0.02
183,665883.47,6.62,3.93,5145.44,0.02
184,484764.59,5.26,2.16,4195.35,0.02
185,225964.40,5.60,1.67,3483.53,0.00
186,467985.15,5.83,2.22,4735.53,0.02
187,621743.64,6.20,2.60,6032.16,0.02
188,1631470.05,6.96,3.04,8304.19,0.05
189,457250.98,5.33,3.28,4178.12,0.06
190,393098.05,5.10,2.78,11481.91,0.08
191,120104.57,3.45,1.15,5583.88,0.03
192,513902.30,5.57,4.97,7796.40,0.04
193,190805.29,3.67,2.33,6070.08,0.05
194,397149.58,5.58,1.18,9531.71,0.33
196,80591.48,4.35,2.38,5273.65,0.06
197,282766.10,4.62,3.01,16147.35,0.07
198,224597.20,4.08,1.87,5586.41,0.03
199,546547.19,4.58,4.02,4451.34,0.29
200,261953.50,4.64,3.69,4002.02,0.05
201,841767.78,6.21,5.25,10097.46,0.23
202,218986.07,4.65,2.69,13897.72,0.08
204,255126.74,3.82,3.23,4801.28,0.02
205,323647.42,3.93,4.06,4028.58,0.04
206,372934.00,4.42,4.23,4294.04,0.02
208,175195.97,4.21,4.00,4537.45,0.03
209,998630.03,5.24,3.79,17794.91,0.32
210,14951121.58,4.90,6.65,1782.57,0.29
212,29108906.38,3.34,6.07,1874.93,0.78
214,502266.59,4.48,5.37,11988.81,0.06
215,204217.10,3.49,4.19,3521.48,0.00
217,699939.68,3.48,4.93,2696.54,0.03
219,270408.97,3.16,5.61,2732.72,0.03
221,237975.31,3.28,4.81,1836.45,0.03
223,116331.75,5.40,5.99,8658.68,0.03
224,218553.42,3.65,4.19,4425.41,0.00
226,236814.23,3.45,4.80,20060.46,0.05
228,115992.97,3.45,4.44,3719.98,0.03
229,560667.55,4.11,4.97,4457.87,0.03
230,379536.52,3.82,4.03,4015.71,0.03
236,704280.09,2.51,3.48,422.66,0.03
247,1143157.18,2.76,4.14,652.10,0.03
254,706350.46,2.93,3.89,660.04,0.00
255,1194033.29,7.21,6.01,1956.94,0.06
258,854662.14,,5.22,927.17,0.03
259,859074.16,7.58,5.32,2722.86,0.00
260,894312.66,7.33,5.85,1786.26,0.03
263,2504810.05,8.58,7.22,4289.23,0.04
265,4566342.74,5.62,2.39,4739.47,0.29
266,7100031.75,5.76,3.54,6951.10,2.23
267,1265011.28,5.01,2.82,4390.31,0.34
268,2954626.78,5.11,3.81,5250.52,0.18
269,2191883.76,4.61,5.72,2101.79,0.09
270,5944782.78,4.78,4.71,1617.37,0.21
271,1544337.61,4.28,5.00,1145.87,0.05
272,6488726.00,7.74,4.93,1503.92,0.02
273,7972856.00,7.87,4.79,1077.37,0.04
284,944903.36,4.87,4.50,5573.12,0.21
285,541034.29,5.88,7.00,8986.25,0.13
286,757663.42,4.75,4.98,4059.89,0.06
287,1050403.84,5.38,4.66,6163.18,0.14
288,557977.04,4.68,4.28,2666.18,0.12
289,264903.75,5.69,5.72,6362.44,0.04
290,349177.67,5.45,4.63,6174.46,0.07
291,507694.86,5.13,3.31,5398.05,0.07
292,1868245.90,6.78,6.07,10195.40,0.48
293,363060.35,4.98,3.98,8752.72,0.05
294,888611.61,4.53,3.08,4988.79,0.03
295,819754.89,4.64,2.56,5952.66,0.08
296,4513740.00,5.19,5.92,669.03,0.03
297,7971180.00,4.50,3.54,702.83,0.06
298,1506783.12,4.74,3.58,1797.58,0.06
299,2073974.50,6.55,5.76,1181.77,0.04
301,1833343.92,6.12,4.14,5163.55,0.03
302,5421934.96,6.47,5.01,2526.39,0.02
303,2040837.59,5.80,3.69,9946.11,0.03
304,1110195.55,6.43,2.38,12952.60,0.06
306,19703320.91,5.38,6.71,2101.67,0.03
307,14843032.48,4.76,6.79,1755.73,0.07
309,2084493.11,5.85,4.57,2041.87,0.03
310,1514929.14,6.19,6.84,1686.32,0.06
313,4244919.16,8.36,9.78,8312.34,0.11
315,3175875.34,5.00,5.20,1343.28,0.17
316,3456728.42,5.37,4.17,3016.68,0.03
317,1502814.54,5.45,6.26,2417.47,0.00
318,16920963.74,4.75,6.54,2314.17,0.03
321,1815500.13,3.98,5.19,1121.09,0.03
322,1831175.27,4.28,4.33,908.15,0.01
323,3765758.33,4.98,4.76,1669.59,0.01
325,962877.83,5.63,3.48,1475.08,0.05
326,1003914.96,4.39,1.54,3538.71,0.13
329,309202.14,4.37,5.17,1317.71,0.00
333,80689.09,10.22,-2.22,32810.65,0.15
334,869965.75,11.78,-0.50,33473.49,2.06
335,164286.85,12.67,4.72,37993.37,0.18
336,3357933.57,11.57,1.95,28752.63,12.00
337,801363.34,10.93,0.34,24898.15,1.34
338,2685041.58,10.98,2.93,26259.59,5.74
339,1589614.06,10.70,0.50,25680.34,3.13
340,300540.78,11.07,1.88,22784.55,0.63
345,1521131.92,2.97,6.15,800.16,0.03
353,2152350.65,6.28,7.66,3425.88,0.04
359,539580.34,7.37,3.95,985.78,0.02
396,2358051.42,4.66,5.11,12441.23,0.16
397,220519.57,4.64,4.25,15174.34,0.01
398,1242625.56,4.35,4.20,12654.98,0.08
399,2018898.55,6.30,6.98,19972.02,0.20
400,386412.97,4.02,2.94,13353.63,0.03
401,1070155.22,6.11,3.17,12855.14,0.19
402,181510.22,5.92,1.44,12950.84,0.06
403,1099023.59,6.11,2.54,12560.17,0.04
404,1448837.93,5.49,2.30,12012.24,0.19
405,734221.35,4.90,2.39,8002.51,0.01
406,1214762.29,5.23,3.63,8120.55,0.06
407,1084490.48,5.94,2.32,11732.66,0.05
408,683557.26,4.02,2.81,4455.26,0.04
409,1772844.45,6.80,3.87,16715.95,0.27
410,1086923.72,4.53,3.43,6736.03,0.02
411,1287760.48,5.78,3.37,10591.86,0.11
412,402521.65,5.58,4.84,10008.90,0.07
413,234128.83,5.37,4.32,9898.48,0.07
414,2892419.12,5.25,4.20,9963.06,0.10
415,1837500.15,4.15,4.05,5720.54,0.06
416,446759.92,4.86,3.40,6554.50,0.04
417,297447.51,4.80,2.38,12926.84,0.05
418,1530786.60,3.53,3.43,4317.59,0.04
419,2230194.75,4.58,4.79,6500.78,0.06
420,789142.14,4.63,4.09,13122.93,0.02
421,410683.39,5.32,5.20,5472.68,0.02
422,4568142.48,7.58,8.76,22841.08,0.34
423,2082858.00,4.18,4.82,6882.65,0.03
424,1371314.69,3.98,3.68,5522.46,0.05
425,1019682.81,4.33,4.48,6210.15,0.03
426,5453561.17,5.73,6.12,8644.16,0.16
427,665431.20,5.58,5.49,8443.92,0.21
428,582035.16,5.20,4.45,10297.20,0.18
429,3282635.90,4.45,4.45,6685.61,0.30
430,1601459.77,3.21,3.68,5966.30,0.27
431,301960.82,5.21,2.19,14351.34,0.00
432,740061.54,4.38,3.57,7027.06,0.08
435,536856.07,7.01,4.77,4538.43,0.02
441,453235.84,6.02,5.34,3707.64,0.03
455,381352.39,1.03,4.28,1929.09,0.04
458,1207536.38,4.96,6.98,15104.41,0.03
465,158674.91,2.22,3.54,5061.89,0.10
475,305441.87,7.50,4.01,19039.10,0.06
476,681153.51,7.70,4.99,16444.44,0.09
477,479180.17,7.40,4.00,14806.71,0.08
478,507211.65,7.50,4.15,14547.39,0.17
479,282378.56,7.65,3.79,18211.73,0.04
480,406425.98,7.33,3.86,15018.53,0.04
481,760863.34,7.82,5.11,16259.10,0.10
482,1042558.22,7.63,4.77,16359.54,0.24
483,226455.44,7.60,3.16,16097.11,0.02
484,306085.98,7.38,3.18,17636.44,0.01
485,132989.25,7.44,2.48,16563.17,0.05
486,105058.35,8.23,2.56,22355.32,0.07
487,332876.01,7.41,3.50,17905.71,0.24
488,112987.88,8.36,3.06,17386.79,0.01
489,238722.83,8.70,3.38,17503.75,0.23
490,98701.40,8.44,3.07,21402.77,0.04
491,63045.38,9.01,2.21,21628.49,0.06
492,333924.51,8.68,4.12,21834.93,0.10
493,141057.34,8.48,2.99,16250.96,0.03
494,3361533.71,8.37,6.45,27501.61,2.40
495,1408134.50,8.30,5.30,20943.54,0.51
496,418403.53,7.45,3.40,13316.05,0.04
497,267551.13,7.49,3.03,15629.69,0.03
498,937482.40,8.01,5.38,19504.54,0.06
499,695019.03,7.77,4.57,18820.42,0.13
509,2202427.89,6.98,5.68,23448.41,4.64
510,5739681.50,7.38,6.17,26185.99,13.92
511,3888887.64,8.16,5.32,27395.98,15.07
512,2370073.16,7.46,4.94,23172.28,2.44
513,4621005.95,7.33,4.16,28627.91,9.09
514,1443823.36,,4.77,23834.10,1.13
515,353070.29,8.96,3.51,18312.15,0.21
516,174715.23,9.16,3.45,17037.70,0.27
517,297267.14,9.28,3.21,18381.65,0.80
518,1162020.12,9.98,5.29,28152.49,1.97
519,259504.31,9.54,3.64,22310.64,0.70
520,324688.47,9.27,3.73,20110.24,0.30
521,442451.82,9.58,3.79,25705.34,0.68
522,2113909.26,7.29,4.63,21020.40,4.23
523,939175.23,10.52,0.51,24218.33,2.19
524,839550.13,10.48,0.40,26665.64,6.49
525,2202910.21,11.25,1.32,37547.00,8.38
526,2814734.62,11.33,1.22,28041.34,9.75
527,113897.34,10.21,-3.88,37471.96,1.01
528,5719163.63,10.69,1.50,24228.68,17.36
529,519749.97,10.27,2.28,19577.39,3.48
530,624605.88,10.75,2.77,20271.07,1.77
531,455625.44,9.95,0.32,19257.80,1.53
532,93161.56,10.58,3.07,18775.85,0.82
533,363261.26,8.96,4.60,21044.39,0.05
534,755311.54,7.89,4.93,18037.89,0.16
535,190012.13,8.99,4.51,29865.70,0.11
536,467663.27,9.19,5.84,26955.81,0.22
537,791219.21,8.96,6.27,25260.77,0.16
538,753444.80,8.59,4.64,19137.34,0.21
549,7788561.81,11.09,2.30,30392.17,45.58
550,240644.48,8.87,3.21,24082.20,0.12
551,348511.86,8.55,3.49,18391.27,0.44
552,123077.90,9.09,3.12,20532.64,0.03
553,361842.44,8.89,3.94,27274.98,0.28
554,258398.63,7.49,3.65,16767.23,0.07
555,244880.21,7.50,3.91,15601.64,0.02
556,607787.64,8.34,5.29,17179.55,0.03
557,180776.31,8.77,3.97,24898.66,0.04
558,83450.20,7.96,8.47,17783.04,0.00
560,13246043.19,2.70,5.46,1304.57,0.22
561,50847960.77,1.95,6.25,812.26,0.27
562,540419.84,6.40,8.97,7240.69,0.23
563,37517081.00,2.17,5.03,1238.04,0.24
564,,,,,0.03
565,689837.35,4.50,5.73,3720.95,0.36
566,5914742.62,5.65,8.80,3941.69,1.19
567,23570455.85,3.00,5.44,2090.48,0.82
568,10033544.71,3.10,5.97,2462.81,0.60
569,3135566.78,3.45,4.55,1928.93,0.83
570,5010907.52,2.58,4.36,1508.59,0.12
571,43732389.69,3.65,5.57,2439.86,2.83
572,1059206.58,3.63,4.44,1308.67,0.02
574,772170.38,2.96,4.37,1650.68,0.03
575,17389016.65,2.54,5.33,1126.66,0.08
576,12276521.15,3.53,6.03,2708.64,0.09
577,26161131.62,1.95,4.90,1284.33,0.07
578,246031.60,2.32,4.11,1742.58,0.03
579,1514296.42,3.87,5.56,1320.40,0.00
580,78751457.23,2.29,6.14,1141.51,1.67
581,38184884.31,2.90,6.69,1556.72,0.57
582,135636.53,3.06,5.61,2698.50,0.02
584,178029.71,2.77,4.93,2761.12,0.04
586,776387.69,3.30,4.19,2954.77,0.08
587,575868.87,2.18,4.53,1722.87,0.00
588,466372.39,2.82,4.86,1168.43,0.06
591,842862.72,3.11,5.02,2127.72,0.10
595,355024.20,3.23,4.69,3290.55,0.03
597,453896.59,2.87,5.04,1239.34,0.06
598,110784.01,3.10,4.60,2592.38,0.05
599,364502.25,3.54,5.78,6104.15,0.03
600,1181422.31,2.75,4.69,2326.00,0.03
601,492703.93,2.76,4.59,2537.82,0.05
602,231739.92,2.41,3.57,1554.68,0.00
604,353240.42,6.83,6.94,6077.88,0.11
605,305929.07,4.64,5.92,12829.36,0.07
606,259548.30,2.42,4.38,1567.68,0.03
609,376672.81,3.11,4.21,2402.82,0.00
610,346396.89,3.66,5.56,8254.43,0.02
612,613469.54,2.61,5.01,1210.41,0.00
620,211378.51,2.45,3.13,2243.06,0.03
621,139599.57,2.49,3.69,2326.84,0.16
622,238088.95,2.89,4.06,2014.84,0.01
623,262125.11,2.55,4.80,1192.23,0.03
627,2227605.62,7.86,4.28,5075.45,0.05
631,1758226.87,8.38,4.14,8075.06,0.03
632,1035036.41,7.44,4.41,3921.94,0.03
635,1399661.31,8.62,2.58,5610.36,0.01
636,1120959.63,7.93,4.39,3676.71,0.03
637,2405721.38,8.16,4.16,17728.77,0.03
641,796438.25,8.09,3.84,7567.83,0.10
642,4595443.50,7.68,3.01,4524.95,0.04
644,596737.69,8.00,4.43,4552.53,0.06
645,343874.66,8.78,1.82,6564.12,0.03
646,1229860.94,7.57,2.51,2349.02,0.00
647,7614117.75,8.66,6.46,9477.97,0.06
653,237659.71,5.87,4.93,25233.44,0.04
654,487799.08,7.07,2.64,108874.62,0.07
655,395060.30,8.28,5.03,71454.84,0.07
657,1606319.96,5.75,5.25,10091.53,0.00
658,610195.50,4.89,4.17,6348.77,0.03
659,275362.85,4.77,3.76,7727.78,0.03
664,5994684.03,6.00,6.05,10969.30,0.21
665,421389.44,4.83,5.01,5666.41,0.02
666,2136621.43,6.56,4.67,8135.94,0.08
669,396922.88,5.80,3.79,7071.94,0.08
670,283150.23,3.88,3.45,4447.29,0.03
671,681378.93,5.30,3.89,6382.48,0.05
672,1129928.00,4.92,3.58,4947.34,0.02
675,447547.18,4.84,4.15,5953.44,0.00
676,261991.40,5.44,3.83,4629.22,0.00
677,364699.43,4.61,3.84,5622.99,0.03
678,697800.43,4.48,4.42,6738.74,0.06
679,338101.26,5.25,3.72,7672.87,0.00
682,315679.46,4.54,3.96,5018.92,0.00
685,597903.14,3.13,3.83,2909.88,0.02
686,1801997.25,4.69,4.63,5604.44,0.01
687,726944.12,5.14,4.30,8126.68,0.02
690,267427.05,4.32,3.35,4689.13,0.00
692,642658.92,4.59,5.18,4918.79,0.05
696,519999.80,4.12,4.89,2809.94,0.04
698,210913.46,4.45,2.44,3246.64,0.00
699,733055.79,4.43,4.76,4795.31,0.02
700,462400.39,4.25,4.31,3518.13,0.03
702,143033.69,4.76,3.33,5121.34,0.00
706,236391.29,4.56,4.54,4972.02,0.03
711,644135.61,3.53,4.20,3735.76,0.00
714,198833.82,3.46,3.52,1911.75,0.00
715,1330602.96,3.13,4.09,2613.74,0.03
716,389842.13,3.20,3.41,2250.38,0.03
717,3430204.45,5.79,4.74,1233.64,0.06
718,3753787.33,8.71,9.54,5493.80,0.16
719,3244344.56,1.04,2.75,1642.72,0.03
723,35797396.40,2.34,5.67,1365.31,0.08
724,14432051.50,2.68,5.17,1913.56,0.02
725,8954813.05,1.63,5.25,1251.67,0.06
726,4089135.50,,5.59,1093.56,0.00
728,1249986.12,,4.70,573.91,0.00
731,1038178.02,11.00,3.54,774.32,0.00
733,887521.00,9.42,5.26,15808.80,0.75
734,1345039.42,10.71,9.35,15128.56,0.03
735,972085.91,9.44,4.51,13773.30,0.52
736,4799268.21,10.66,6.57,15700.55,48.81
737,6379354.19,11.38,9.74,17566.98,34.16
738,1212693.24,9.40,5.54,11754.07,0.53
739,2200946.14,9.52,5.77,14436.50,3.31
740,2019805.75,9.66,5.90,14994.82,8.90
741,1722521.29,9.13,4.95,17427.62,7.50
742,2563829.33,9.90,5.85,17314.43,2.83
743,2262316.24,10.64,9.31,11736.87,0.88
744,1451259.50,10.63,8.50,11111.60,1.44
745,306659.84,10.04,5.60,12664.61,0.12
747,1046530.19,9.31,5.51,4752.18,0.12
749,186111.97,7.96,5.40,3421.25,0.03
750,504727.25,8.64,6.10,2639.11,0.01
752,110624.99,7.93,3.90,3803.87,0.01
754,70527.77,8.28,4.61,3149.66,0.15
758,4065866.11,10.86,7.16,30321.85,84.65
759,794835.32,9.95,4.65,19491.36,6.36
760,984176.57,9.73,5.04,18460.06,1.32
761,3304955.93,10.99,6.96,19985.17,55.78
762,904195.28,10.46,5.57,19987.68,4.31
763,503359.47,10.27,5.26,24305.70,111.56
764,2874726.72,10.79,6.86,22389.04,18.14
765,1313223.63,10.10,5.02,22324.49,14.11
766,1260468.12,10.44,5.26,21500.83,66.87
767,1209647.28,10.45,5.72,23659.19,18.71
768,1717014.38,11.04,5.81,25058.91,20.16
769,3270802.65,10.87,6.46,22980.43,79.65
770,1730713.96,10.36,6.12,23679.27,77.96
771,720516.06,10.43,5.61,23693.83,2.12
772,919118.40,9.93,4.53,19744.41,2.62
773,614033.27,10.76,6.37,22600.89,12.50
774,1045009.11,10.22,5.28,17751.89,5.00
775,4778788.64,11.51,8.08,23758.78,89.30
776,493084.28,9.83,4.76,18413.48,3.52
777,1087002.30,10.16,5.49,19386.66,9.42
778,1587053.81,10.75,6.33,23487.67,54.72
779,1081192.90,10.33,5.73,23223.50,19.17
780,1422151.59,10.58,5.73,22486.92,80.71
781,686774.16,10.09,5.02,17718.34,2.48
782,1331877.63,10.68,5.06,22935.89,27.67
783,931991.80,10.19,5.91,17753.73,3.86
784,808752.83,11.19,5.89,16189.06,30.09
785,1554578.79,9.96,5.27,23239.92,8.83
786,735258.17,10.57,5.26,21537.63,1.74
787,1170626.78,10.80,5.58,23782.87,114.97
788,747162.12,10.88,6.35,20236.23,0.77
789,5278611.74,10.88,8.42,28622.17,39.02
790,523062.47,10.43,5.87,19738.36,0.98
791,3846875.77,10.89,7.39,18573.47,98.05
792,742782.44,10.61,5.70,26691.42,15.32
793,474289.79,9.95,4.74,19346.07,4.99
794,2214205.09,10.56,6.11,25613.32,56.74
795,1190156.98,10.40,5.69,25382.70,17.19
796,498576.86,9.91,5.30,19359.66,2.21
797,7334678.56,11.41,8.79,44735.27,303.65
798,374314.64,10.49,5.17,21050.53,1.34
799,694277.41,10.55,5.56,25308.20,15.54
800,649179.64,10.26,5.44,19881.55,4.01
801,797773.65,10.18,4.89,20341.65,4.98
802,945612.29,10.74,5.54,23165.29,9.58
803,522989.25,10.72,5.25,22447.05,7.15
804,1060367.75,6.23,4.21,18052.32,0.21
805,398444.19,5.85,4.10,16378.10,0.19
806,1317332.25,5.97,4.91,14646.53,0.43
807,3695381.56,6.32,6.03,16111.95,0.40
808,218448.35,6.04,4.27,18038.87,0.12
809,2628981.76,6.05,5.32,16786.38,0.62
810,3122189.09,6.04,5.27,16044.81,1.57
811,381906.04,6.10,3.70,16090.80,0.02
812,1148590.21,7.57,4.51,18177.12,0.09
813,411613.38,6.57,3.52,15947.90,0.04
814,472730.32,6.59,3.95,16806.20,0.03
815,2792936.38,8.84,5.30,21178.75,0.32
816,827727.45,6.87,3.89,16487.15,0.03
817,290180.34,7.00,3.91,18305.12,0.03
818,336210.19,7.22,4.18,18622.94,0.12
823,371737.72,7.79,5.74,9632.27,0.02
824,111740.02,5.76,4.14,5707.84,0.00
827,2430162.75,4.49,6.82,3702.28,0.06
829,2284576.12,3.53,5.78,2501.35,0.03
832,1905567.75,5.90,7.19,4053.39,0.06
834,2656252.25,5.04,4.81,3334.75,0.07
836,1834130.00,3.22,5.08,2335.94,0.05
837,3890344.00,6.59,7.66,5021.89,0.10
838,1863196.69,4.68,8.14,2716.04,0.02
840,235632.77,5.85,3.84,4297.04,0.03
841,2435313.12,4.30,6.66,2674.81,0.02
843,1545294.81,3.55,7.02,1954.14,0.06
851,,,,,0.00
853,129238.80,2.14,-1.65,1501.94,0.03
854,270150.89,4.92,-0.53,1726.19,0.03
855,1940225.55,6.51,2.74,1492.66,0.12
856,1770947.25,6.95,2.88,1810.11,4.44
857,2209789.26,6.39,2.83,1326.04,0.06
858,1754700.61,4.64,2.87,889.11,0.27
859,2960801.08,6.54,3.30,1842.94,0.20
860,3237068.94,6.50,3.30,1585.42,0.40
861,5942658.06,5.89,2.90,2388.88,0.55
862,2018082.48,4.87,2.24,1307.22,0.06
863,750170.86,9.15,4.22,6171.79,0.07
864,4841082.74,6.49,3.87,1541.99,0.05
865,5014903.89,6.38,3.94,2472.54,0.11
866,554514.38,8.02,4.31,5132.46,0.31
867,,8.80,6.32,14655.47,81.80
868,1622098.08,5.85,3.17,2546.77,0.69
869,3133685.47,5.46,3.63,1420.60,0.19
870,3991671.81,6.74,3.53,1916.73,3.08
871,2060297.58,5.86,3.07,1418.71,1.10
872,3906116.77,6.45,4.18,3091.04,0.21
873,818948.09,8.44,5.47,8378.98,0.04
874,2449620.17,5.99,3.75,3198.69,2.13
875,,,,,2.89
878,191446.08,8.42,3.94,5385.89,0.08
879,98462.87,8.29,3.83,5870.29,0.03
889,2846355.37,9.13,7.84,4517.13,0.00
891,3176777.46,8.48,6.42,25197.40,3.98
892,380404.73,8.59,4.50,29555.19,0.28
893,508414.25,8.51,5.04,25991.83,0.09
895,524734.96,10.30,0.84,7134.95,0.06
896,326858.31,10.66,1.37,17350.22,0.03
900,1112211.88,10.47,1.24,7420.75,0.13
903,516787.73,12.18,4.80,17388.50,0.10
912,30950.03,10.64,2.72,6546.44,0.03
914,34390.71,10.49,2.51,8169.39,0.06
915,142544.98,11.80,3.83,9943.35,0.11
917,55441.02,10.80,2.84,7482.21,0.06
920,124529.41,10.34,3.62,6618.03,0.00
931,57551.78,10.54,3.51,4841.67,0.03
932,893221.83,11.33,5.67,12933.58,0.26
936,25946.36,9.95,2.73,4151.97,0.00
946,,,,,0.03
951,,,,,0.02
956,,,,,0.00
957,431174.90,12.74,5.31,32295.70,3.89
958,179353.69,12.52,3.87,24674.41,1.03
959,275898.19,13.02,7.34,39851.39,2.59
960,735203.59,12.62,5.00,28296.08,3.90
961,156765.22,12.62,4.85,27326.88,2.64
962,171130.12,12.54,5.68,29563.12,1.47
963,120285.50,12.63,5.32,28900.69,1.73
964,146960.82,12.77,8.58,48822.08,4.56
965,179180.12,12.72,6.15,33520.13,6.44
966,372788.84,12.56,5.88,31875.10,7.10
967,877771.56,12.77,6.53,40869.41,12.46
968,27748.06,12.31,4.01,36799.81,0.17
969,53438.02,12.57,5.49,32269.85,1.14
970,47913.40,12.39,5.05,27751.58,0.18
971,312723.69,12.46,5.37,28663.57,2.58
972,127692.70,12.52,3.22,29814.02,1.04
973,211308.97,12.44,5.80,28566.45,1.50
974,238670.51,12.56,5.38,27921.52,1.25
975,25057.23,12.46,3.46,26900.13,0.57
976,83134.44,12.49,4.82,30673.72,0.49
977,21342.59,12.51,4.08,25657.32,0.13
978,24147.41,12.58,4.78,35828.50,0.47
979,64264.59,12.78,5.89,53026.33,0.86
980,150652.16,12.63,4.33,27293.77,0.51
981,1695675.54,10.88,5.50,36339.15,13.47
982,294954.97,10.77,3.54,23346.99,2.59
983,249222.83,10.02,3.60,22906.09,0.96
984,387904.84,10.28,3.51,24698.16,2.40
985,267329.52,10.11,3.34,24464.67,1.73
986,242468.66,10.09,3.76,26364.77,0.47
987,295448.51,10.03,3.30,26398.49,0.78
988,161991.85,10.20,2.94,26216.48,0.56
989,219905.55,9.85,3.02,24827.36,2.32
990,53199.93,9.99,2.89,23146.26,0.29
991,135431.52,9.91,3.91,24777.92,0.41
992,981322.86,10.17,4.57,25565.70,4.64
993,242728.06,10.07,3.84,24411.74,1.15
994,1403858.17,10.28,3.94,27041.60,6.50
995,277057.97,10.09,2.55,24117.29,1.21
996,292203.47,10.00,2.24,25232.83,1.09
997,297006.56,9.92,2.67,25328.69,3.14
998,280692.58,10.12,2.40,27471.65,0.81
999,147215.60,10.20,0.90,24876.17,0.15
1000,298287.37,10.50,1.46,24801.31,2.44
1001,331144.01,10.37,0.90,26559.42,0.90
1002,88089.36,9.86,4.51,13700.35,0.03
1003,225477.12,10.32,4.97,15780.29,0.04
1004,53031.91,10.05,4.26,15658.48,0.07
1005,182827.82,10.11,4.66,17323.71,0.18
1006,32895.43,10.19,5.15,14798.21,0.02
1007,49383.66,9.88,4.35,16396.04,0.06
1008,97172.06,9.75,3.93,17670.19,0.09
1009,35885.82,10.05,3.54,14889.66,0.05
1010,349724.32,11.00,5.25,26663.96,0.14
1011,140778.64,10.43,4.52,16978.15,0.05
1012,85356.63,10.12,3.95,18558.54,0.08
1013,72696.32,10.30,4.61,20538.98,0.03
1014,451498.08,10.07,5.70,28359.43,0.16
1015,413149.41,8.98,4.89,13460.47,0.05
1016,458090.52,9.11,4.90,11624.09,0.11
1017,532800.14,9.05,4.72,11011.76,0.08
1018,524972.79,8.88,4.62,10277.96,0.06
1019,498807.44,9.01,4.25,9982.83,0.04
1020,596939.19,8.54,4.47,7698.88,0.04
1021,577986.69,8.89,4.73,11042.12,0.04
1024,1107441.88,11.14,6.18,9439.42,0.00
1036,200332.38,9.07,4.32,3751.70,0.00
1046,1001155.49,10.64,1.20,11150.48,0.27
1047,314071.58,9.99,4.02,3323.41,0.07
1048,305910.62,10.38,3.42,3245.81,0.00
1050,585629.43,10.42,4.24,3621.62,0.16
1051,471878.56,10.76,4.44,3311.63,0.03
1052,1910797.07,10.26,3.70,5147.88,0.07
1053,813906.31,10.72,4.25,6298.12,0.09
1054,1258015.67,11.08,1.89,13727.06,0.04
1055,673110.38,9.74,2.55,7109.56,0.09
1056,719856.20,9.80,2.65,5002.02,0.14
1057,6409869.86,11.50,4.33,9943.60,1.47
1058,1167413.43,9.90,3.70,4451.74,0.12
1059,950810.42,9.95,3.08,6040.27,0.09
1060,826664.01,10.20,1.45,9582.38,0.15
1062,723803.24,9.79,2.54,5788.87,0.02
1063,3221932.68,10.21,3.84,7693.87,0.38
1064,1409648.35,10.00,2.90,5963.33,0.14
1065,1292642.89,9.95,2.19,13300.30,0.07
1066,1307268.83,10.21,3.65,8281.41,0.02
1067,907462.64,10.39,3.59,6020.51,0.08
1068,1022552.47,9.92,3.75,6189.26,0.08
1069,1007220.01,9.94,3.92,10059.74,0.09
1070,14545508.82,11.56,5.86,18930.95,6.62
1071,722352.98,10.01,3.57,5962.58,0.05
1072,3267233.45,10.42,3.77,5178.86,0.17
1073,1453181.92,10.06,4.21,6140.38,0.15
1074,2072547.90,10.41,3.17,6291.83,0.07
1075,1175143.34,10.18,4.02,7622.79,0.03
1076,3613729.93,10.22,4.22,6263.08,0.10
1077,791554.10,10.16,3.57,4658.27,0.06
1078,1238737.86,9.89,3.53,4344.25,0.03
1079,1080815.05,9.99,3.46,6127.41,0.08
1080,1009619.70,9.74,3.57,4719.62,0.09
1081,1398636.28,10.13,3.97,5352.44,0.04
1082,1924395.14,10.11,3.84,5257.82,0.17
1083,3497193.80,10.14,3.36,8559.40,0.07
1084,3104977.14,10.33,3.71,8321.30,0.20
1085,921880.59,9.59,2.69,4637.62,0.07
1086,1236721.19,10.55,0.95,14648.03,0.09
1087,1487672.78,9.82,2.56,5659.05,0.17
1088,670682.98,10.32,3.44,4086.21,0.09
1089,4353110.05,10.21,3.15,9525.35,0.16
1090,1466913.26,10.34,3.63,7794.64,0.18
1091,745249.02,,3.10,6159.10,0.14
1092,1168557.95,10.17,4.28,4612.38,0.02
1093,220296.31,10.31,1.42,3670.91,0.00
1094,1773224.02,10.10,2.87,8342.64,0.18
1095,2729327.75,10.66,4.12,11145.71,0.12
1096,2155273.27,10.41,3.27,6021.86,0.08
1097,3308244.89,10.35,4.02,11060.60,0.09
1098,1201719.39,10.05,3.65,5591.03,0.04
1099,1887755.09,10.14,2.71,7560.28,0.08
1100,2156441.30,9.92,2.74,4405.23,0.18
1101,159635.86,9.91,0.78,3932.09,0.10
1102,2568587.59,10.09,3.44,8859.10,0.14
1103,469840.55,10.20,2.21,7488.04,0.05
1104,2382266.91,10.28,2.73,7207.10,0.58
1105,,,,,0.08
1107,849504.52,10.34,1.05,6142.38,0.12
1108,799886.65,10.28,0.97,7313.33,0.28
1109,1219428.52,11.04,-1.14,18889.85,0.01
1110,149820.36,9.51,1.71,5521.00,0.06
1111,1293419.65,10.82,0.64,10087.93,0.08
1112,237685.68,11.39,-0.77,14190.21,0.00
1113,459653.62,10.77,1.93,15309.56,0.16
1114,444007.73,9.03,4.38,6286.94,0.03
1116,517230.67,9.72,4.66,7565.41,0.11
1117,381489.56,8.76,4.41,4671.93,0.08
1118,277142.26,8.80,4.45,5310.19,0.03
1119,184248.17,8.63,4.17,4988.12,0.15
1120,278982.27,9.14,4.12,5927.01,0.02
1121,427620.45,10.08,4.71,7930.42,0.04
1124,425329.92,9.10,4.47,6036.87,0.10
1128,593455.84,8.95,4.99,5293.63,0.08
1129,404294.62,8.69,4.54,4779.00,0.05
1130,507528.97,8.69,4.39,4517.89,0.00
1132,263648.06,8.80,4.36,4957.17,0.08
1133,352385.84,8.26,4.40,4567.66,0.00
1134,500498.10,9.35,4.62,8087.45,0.03
1138,463589.36,9.35,4.56,6818.34,0.05
1139,227156.90,7.54,4.16,4012.72,0.02
1140,383685.46,8.53,4.90,4864.80,0.10
1142,207852.72,7.88,4.20,5466.58,0.02
1143,590841.07,9.08,5.17,6387.29,0.13
1145,1361317.34,10.97,8.99,13397.29,0.33
1146,211983.04,8.08,5.26,8239.40,0.00
1147,509807.78,8.80,4.59,4871.56,0.04
1150,343737.66,8.44,4.49,4560.85,0.00
1151,293989.52,8.85,4.28,5950.02,0.09
1152,335744.25,8.86,4.09,6974.90,0.08
1153,241059.64,8.80,3.69,5340.68,0.05
1154,354745.07,9.40,4.25,6041.94,0.15
1155,488266.26,9.58,4.36,7873.04,0.03
1156,2103909.67,10.02,4.97,9441.18,0.15
1157,4036485.25,10.57,4.93,14448.77,0.80
1158,2437008.27,10.49,5.34,8843.32,0.17
1159,3759718.25,10.81,5.97,11461.34,0.37
1160,1758719.46,9.76,4.48,7534.14,0.19
1161,1664898.26,10.09,4.79,7561.83,0.10
1162,1027597.30,9.63,4.71,7828.93,0.03
1163,1012050.84,9.72,4.10,7576.69,0.09
1164,2711417.69,10.41,4.71,10434.38,0.22
1165,824909.60,10.24,4.28,9624.33,0.05
1166,2331430.97,10.45,4.99,10515.66,0.21
1167,868284.29,10.49,4.76,8990.25,0.32
1168,1717855.59,10.40,4.75,9506.38,0.04
1169,1220816.52,10.32,4.09,8250.01,0.06
1170,3248931.64,10.42,4.55,10258.17,0.21
1171,460532.34,9.02,6.92,88789.33,1.98
1172,416789.85,9.02,4.43,29981.95,0.78
1173,195033.89,8.53,1.92,25283.50,0.08
1174,189985.81,8.62,1.98,24251.78,0.36
1175,233948.06,8.48,4.05,25658.33,0.24
1176,227001.69,8.55,2.72,27187.83,0.23
1177,193557.59,8.74,4.50,26008.73,0.14
1178,160285.73,8.63,2.37,27493.97,0.68
1179,93706.13,8.72,2.36,24876.19,0.23
1180,138044.31,8.81,2.99,29235.22,0.09
1181,328653.33,8.63,3.58,32802.77,0.68
1182,413994.07,8.82,3.28,33857.43,0.31
1183,110879.09,8.64,1.74,28981.72,0.24
1184,258411.39,8.56,2.76,27793.13,0.32
1185,277328.45,8.88,2.59,35420.38,0.92
1186,145842.44,8.75,1.74,25235.15,0.11
1187,303979.39,8.48,1.83,26762.11,0.11
1188,206558.20,8.56,1.73,31511.74,0.25
1189,107525.54,8.30,0.42,30457.99,0.13
1190,469538.76,10.33,5.46,40023.85,0.92
1191,518796.26,9.98,5.17,27986.20,0.96
1192,387527.95,9.77,5.16,27690.04,0.48
1193,881971.01,10.07,5.75,29632.73,1.94
1194,1554341.45,10.06,5.92,28898.80,5.03
1195,256306.91,,5.29,24910.57,0.32
1196,915953.05,10.79,6.66,41509.47,2.84
1197,2069544.45,10.59,6.78,39344.26,6.79
1198,2730203.48,10.17,6.95,34830.23,8.54
1199,297296.41,9.85,5.26,30565.33,0.51
1200,1883427.18,10.07,6.13,34377.83,25.14
1201,903448.68,9.86,6.24,30300.37,4.50
1222,611031.90,11.11,4.46,9142.50,0.48
1223,340327.44,10.79,4.31,10411.34,0.00
1227,113859.22,9.85,3.39,5473.11,0.00
1229,163036.28,10.12,3.25,8532.60,0.03
1230,740792.46,11.43,4.48,13254.89,0.34
1231,2778361.60,6.86,5.19,30619.81,7.20
1232,1178355.12,7.35,5.73,26953.28,0.78
1233,989445.43,6.53,4.99,24745.57,0.52
1234,3069544.99,6.96,5.16,27801.39,8.43
1235,83103.59,6.75,3.59,31212.31,0.08
1236,6389578.64,7.23,5.92,31606.17,26.89
1237,870264.61,7.20,5.08,27598.07,1.61
1238,655304.81,7.21,4.20,29260.48,0.52
1239,3163371.69,6.82,5.50,27856.33,5.51
1240,1399483.77,9.93,8.19,21278.43,8.49
1241,751197.29,8.27,5.07,10090.94,0.64
1242,309568.15,8.22,4.57,12773.79,0.10
1243,233454.68,8.23,4.93,11628.16,0.25
1244,273710.01,8.18,4.42,11045.35,0.48
1245,318517.38,8.48,4.64,14525.25,0.15
1246,201137.29,8.25,4.42,12193.98,0.09
1247,220638.63,7.99,4.38,10503.16,0.11
1248,299130.68,8.21,4.54,8396.20,0.17
1249,250124.38,7.78,4.04,7821.93,0.05
1250,184836.84,7.80,4.23,9448.41,0.10
1251,572332.69,7.97,4.66,9551.28,0.32
1252,248187.53,8.02,4.52,8761.66,0.05
1253,169533.58,7.84,4.49,12173.76,0.06
1254,403969.86,7.98,4.48,8715.02,0.96
1255,313799.77,7.72,4.33,8831.82,0.09
1256,432997.76,7.62,4.59,7759.57,0.61
1257,404037.20,7.71,4.19,11273.87,0.08
1258,301799.66,7.76,4.30,9992.56,0.07
1259,319290.00,8.30,4.64,11240.87,0.61
1260,7447765.10,10.10,5.62,28108.85,107.01
1261,8784348.39,9.89,5.10,27571.93,119.21
1262,2870919.35,10.95,8.27,26806.18,13.26
1263,2099975.22,12.75,4.46,24357.99,3.01
1264,565125.71,9.93,7.44,32977.22,0.20
1265,1436075.83,10.43,7.73,40844.84,0.11
1266,4563139.21,10.19,5.61,28947.86,55.67
1267,1515468.75,12.70,4.35,23978.36,6.31
1268,6218076.58,9.95,5.06,22566.30,31.31
1269,13980826.13,9.76,6.24,25954.83,110.58
1270,2964931.45,9.63,5.26,23357.26,47.39
1271,819988.39,9.50,6.03,23586.75,2.74
1272,3547294.32,12.86,5.49,24651.43,10.10
1273,2146457.19,12.62,4.86,23386.54,2.08
1274,2286126.37,10.07,5.14,23109.34,15.29
1275,7794716.19,8.40,6.75,39693.30,67.70
1276,1020078.36,6.65,3.96,24027.63,2.37
1277,1395060.68,6.48,4.53,21341.12,3.82
1278,1326819.03,6.59,4.94,25083.96,3.15
1279,1751356.79,6.85,4.09,22953.37,7.26
1280,1184150.75,6.82,3.92,22281.95,4.25
1281,3115227.02,6.75,5.77,20713.35,4.45
1282,1756947.92,6.78,4.58,21629.72,3.40
1283,1242695.07,7.30,5.29,25226.06,5.85
1284,812886.15,7.03,4.22,22519.48,3.87
1285,520919.18,6.86,3.75,19708.84,0.71
1286,3840295.97,7.51,4.79,25164.97,28.51
1287,947177.01,7.06,3.92,20418.89,3.36
1288,762345.66,9.36,2.09,20078.95,1.25
1289,2485847.80,9.59,3.99,32124.71,13.99
1290,1413990.72,9.40,3.02,19156.64,6.75
1291,793260.47,9.41,1.49,21496.60,3.78
1292,25281.18,9.44,2.84,32957.71,0.04
1293,850813.60,10.71,6.18,49474.83,8.05
1294,40083.11,9.66,4.35,19348.36,0.05
1295,623271.80,10.03,4.58,17773.30,1.61
1296,190578.33,9.77,4.12,43461.35,0.93
1297,2403817.63,10.00,4.50,19814.05,5.12
1298,924087.60,10.92,7.78,33297.87,1.37
1299,884935.18,9.37,4.64,15868.81,0.18
1300,477681.58,9.44,4.15,15963.05,0.13
1301,428018.45,9.46,4.30,16248.41,0.54
1302,238136.49,9.09,4.53,14905.32,0.04
1303,647770.39,9.05,5.04,14751.15,0.17
1304,338448.66,9.32,4.91,15188.92,0.27
1305,434646.01,9.49,4.76,15814.99,0.16
1306,393355.37,9.39,4.72,14681.68,0.40
1307,398593.21,9.23,4.34,14424.27,0.13
1308,865639.10,9.70,5.07,15851.32,0.20
1309,494907.61,9.45,4.80,13641.94,0.15
1310,454928.82,9.39,5.01,14310.95,0.20
1311,983437.08,9.26,5.45,14241.87,0.17
1312,560717.84,11.39,7.11,21609.82,0.03
1313,222100.15,9.62,4.62,10128.48,0.05
1314,101547.71,9.14,4.74,9541.47,0.03
1315,132399.55,9.61,4.98,11094.24,0.08
1316,88612.22,8.92,4.25,12169.95,0.05
1317,85315.73,9.53,5.09,10091.54,0.10
1318,93805.88,8.90,3.90,9535.67,0.11
1319,66024.87,8.84,3.82,9153.80,0.03
1320,60488.02,9.27,3.84,9137.92,0.03
1321,122796.33,8.69,4.49,7435.43,0.08
1322,233623.76,9.51,4.40,9822.96,0.02
1323,142679.37,9.47,4.47,7631.27,0.00
1324,100430.29,9.15,3.67,9794.98,0.02
1327,38486.35,8.58,2.32,11464.66,0.00
1328,116024.91,9.57,3.82,10049.52,0.02
1330,318884.17,10.63,4.62,9917.03,0.01
1331,146640.73,10.35,4.30,16642.33,0.03
1332,83969.02,10.31,4.24,11783.73,0.00
1333,2531040.13,7.19,2.01,2525.94,0.14
1335,132174.16,8.73,3.97,5360.34,0.29
1336,166671.61,9.11,4.20,7205.97,0.03
1337,230307.47,9.13,4.27,6143.42,0.07
1338,121276.45,9.02,3.76,6371.77,0.06
1339,207584.46,9.35,4.17,6187.22,0.06
1340,103104.12,9.83,4.31,6633.65,0.15
1341,190814.62,9.42,4.61,6336.60,0.08
1342,107044.74,7.90,4.11,5486.56,0.09
1344,318035.08,9.56,4.80,8094.70,0.08
1345,153583.31,8.24,3.85,6682.38,0.07
1346,145223.95,8.27,4.13,5735.09,0.03
1347,99865.81,8.18,3.98,5337.99,0.03
1348,810155.56,11.20,6.87,11221.33,1.20
1349,1845638.72,11.82,6.54,44380.95,10.37
1350,1314605.97,11.22,6.35,36748.95,7.06
1351,627442.03,11.07,5.79,26062.03,1.22
1352,1082513.92,11.09,6.12,27257.99,3.88
1353,896254.14,10.94,5.88,29173.86,1.89
1354,1006830.72,10.85,5.82,20718.08,0.98
1355,802853.05,11.13,5.58,23525.18,2.29
1356,192180.91,11.12,4.02,21880.99,0.65
1357,347258.65,11.17,4.80,21487.42,0.58
1358,240450.51,10.12,4.85,28512.89,1.61
1359,202095.95,9.97,4.26,17288.01,0.19
1360,874445.44,10.31,4.28,22675.51,4.31
1361,398736.26,10.43,4.05,22638.00,1.34
1362,990017.95,10.19,4.71,26497.79,4.23
1363,351081.25,10.47,4.20,30641.53,0.82
1364,460616.24,10.32,3.91,27779.68,1.02
1365,1112131.93,10.36,4.36,22789.81,2.34
1366,1166245.02,10.83,8.12,38451.61,4.40
1367,1099580.41,9.91,4.26,5808.65,0.00
1369,694719.91,9.77,4.79,5677.53,0.16
1370,1718553.63,10.59,4.57,4310.82,0.06
1371,2749896.50,10.46,4.78,8354.50,0.10
1372,3721701.50,10.30,5.25,8444.28,0.08
1373,1066995.00,9.86,4.65,4644.93,0.04
1374,2319688.75,10.58,4.58,6550.25,0.15
1375,864202.56,10.19,3.91,4617.57,0.02
1376,1117275.38,9.81,4.28,5454.40,0.00
1377,2076272.00,11.51,8.07,14368.69,0.54
1380,2058324.81,10.42,4.83,4951.95,0.06
1381,2007168.50,10.17,4.61,5771.16,0.05
1383,1845659.25,10.41,4.37,5754.10,0.04
1384,1279572.31,10.06,4.09,8354.33,0.13
1385,926628.03,9.61,4.09,5603.40,0.00
1386,1058519.84,9.91,4.06,6125.26,0.05
1387,876700.25,9.73,4.43,4395.29,0.00
1388,942854.47,10.26,4.61,3576.44,0.03
1389,1236213.81,9.70,4.13,5463.42,0.09
1391,1451894.00,10.38,4.32,8923.49,0.08
1392,1131606.94,9.85,3.89,5096.60,0.10
1393,1923102.55,10.69,2.50,6138.27,0.05
1397,686042.52,10.35,1.95,2882.34,0.00
1399,1623140.57,9.90,3.86,2299.18,0.02
1400,1519395.78,10.65,2.56,7628.80,0.54
1405,3869519.26,10.24,4.28,21764.92,8.06
1406,2438553.90,6.74,5.05,26416.49,2.97
1407,839923.16,6.40,4.74,20983.40,0.80
1408,3425150.19,7.48,5.71,27085.39,4.18
1409,558095.49,6.67,4.56,23499.57,0.66
1410,1478670.47,6.97,4.34,19449.75,2.40
1411,1025816.38,6.65,-0.07,2012.09,0.10
1412,3131008.78,5.95,1.06,1654.70,0.12
1413,3822250.89,6.62,3.45,2012.07,0.10
1414,2557804.38,7.47,3.26,3213.49,0.34
1415,1667752.92,7.17,2.53,2072.67,0.05
1416,292259.91,8.76,4.03,8368.48,0.04
1417,152522.92,8.10,4.14,5445.23,0.02
1418,110518.42,8.41,3.90,5699.02,0.16
1419,257603.65,9.02,4.30,7507.47,0.10
1420,190162.44,8.81,3.66,6487.70,0.05
1421,105372.98,9.21,4.19,6026.24,0.05
1422,114409.54,8.98,4.02,6321.12,0.00
1423,488620.34,9.24,4.80,6289.98,0.21
1424,212356.30,8.37,4.26,5194.56,0.04
1427,361880.88,8.83,4.50,26933.29,0.19
1428,244824.66,8.89,3.40,25861.71,0.06
1432,6024704.45,6.13,6.52,1392.21,0.02
1442,295866.32,4.59,4.80,682.82,0.03
1443,538722.52,4.23,5.37,788.77,0.03
1444,1869573.97,5.24,5.75,743.56,0.03
1445,706844.29,4.98,4.77,662.21,0.00
1448,1809739.14,10.06,0.85,10459.84,0.50
1449,2744220.86,9.43,2.86,10745.88,0.22
1450,1821707.81,11.15,-0.51,45324.74,0.07
1451,3221686.43,10.68,0.70,14998.50,0.30
1452,2392457.55,9.99,1.21,9837.85,0.23
1453,1342791.65,9.37,1.29,6185.80,0.00
1454,354818.34,11.34,-0.24,11778.70,0.12
1456,530841.40,10.08,3.83,2217.51,0.05
1457,3127814.48,7.26,4.72,23315.59,10.71
1458,1948927.15,12.82,5.02,23028.85,6.80
1460,941476.57,,2.22,2273.48,0.00
1466,1736918.56,,4.31,1242.36,0.05
1471,966764.32,2.74,4.59,1337.90,0.03
1477,73361.33,4.23,4.45,2321.76,0.03
1480,293907.16,4.63,5.89,6421.43,0.05
1483,793559.81,6.23,7.39,7767.94,0.03
1484,128926.71,2.25,4.86,2891.25,0.06
1486,214528.45,3.64,5.30,4485.02,0.03
1489,1068161.38,6.26,7.36,8068.20,0.56
1490,146654.11,3.89,3.60,2485.83,0.03
1491,35218736.85,2.60,5.49,1591.66,2.40
1492,24024597.69,3.16,5.48,1677.63,3.10
1493,426174.24,4.39,7.31,2994.12,0.02
1494,3097700.80,7.04,8.24,16521.87,0.02
1495,290330.05,3.08,4.67,7156.79,0.06
1496,382212.21,3.23,4.96,3913.97,0.00
1497,445607.98,5.21,6.77,16671.08,0.08
1498,167953.67,3.74,5.81,18257.40,0.03
1499,9164701.98,5.83,5.32,2349.29,0.12
1500,1955592.77,5.23,5.38,1112.44,0.04
1502,6464205.50,5.41,3.69,1058.62,0.15
1506,404962.49,2.85,4.17,3610.42,0.00
1507,144631.92,8.59,2.62,22650.52,0.07
1508,93700.55,8.31,2.26,23026.93,0.03
1509,573955.70,8.70,3.90,23241.30,0.15
1510,875882.62,8.25,5.45,19397.84,0.19
1511,303275.79,8.37,4.24,24511.36,0.08
1513,4220843.66,7.20,5.78,26027.63,6.20
1514,7767816.55,7.22,5.79,26790.12,21.06
1515,4377336.91,7.89,5.64,27665.80,30.31
1516,12055210.27,9.04,6.59,39105.08,50.38
1518,1058512.52,6.47,4.36,21114.09,2.08
1519,2287458.02,6.98,4.56,22252.31,2.58
1520,1161923.38,6.65,4.13,20394.50,4.13
1521,1966813.44,7.15,4.21,22844.60,5.29
1522,1708239.80,7.31,3.99,21280.51,4.24
1523,3546263.96,2.99,5.19,3377.01,0.07
1524,2659718.71,1.61,4.56,1863.25,0.03
1525,1814454.20,1.93,4.29,1595.44,0.00
1526,3504702.68,2.54,5.22,2597.29,0.06
1527,1800817.65,1.68,3.07,2848.68,0.00
1528,1121475.22,2.30,3.44,1879.71,0.13
1536,7992152.98,3.94,7.53,1317.91,0.03
1540,1656773.98,2.48,6.76,667.99,0.00
1546,2390210.08,2.70,6.79,722.06,0.03
1547,3740072.04,2.68,6.56,705.72,0.03
1549,3937494.62,2.07,6.34,717.93,0.03
