geoid_r	pop_rIp	GDPpc_rIp	educ_rIp	allpat	popd_rIp
1	25567.85	5105.31		0.00	-1.29
4	268253.72	3583.40	5.74	0.00	3.53
6	281282.02	6366.47	8.87	0.03	8.30
7	18999.63	5085.17	5.15	0.00	-0.94
19	40269.75	4895.34	4.91	0.02	-0.00
27	68713.27	5308.03	5.75	0.06	2.11
34	266040.57	3993.85	5.76	0.00	4.57
36	36926.31	5282.99	5.34	0.00	1.79
38	816189.34	10851.32	7.35	0.05	7.71
40	439014.90	4354.41	6.64	0.03	4.13
41	672826.90	4046.02	5.27	0.02	3.58
44	460195.76	6001.37	7.88	0.00	2.62
45	513825.62	2514.17	5.02	0.03	2.59
48	64491.08	16403.25	7.31	0.03	2.07
49	105904.40	6935.24	7.68	0.01	2.49
51	611579.33	2152.32	3.96	0.00	3.56
52	313441.11	2575.60	4.40	0.03	2.81
53	619940.71	4009.92	6.36	0.03	3.89
57	479591.49	6552.42	4.41	0.01	0.65
60	281651.51	4627.73	7.73	0.02	3.24
62	3453398.82	7088.47	8.77	0.04	5.23
64	188930.25	3811.42	7.09	0.00	3.79
66	105142.28	12649.20	7.66	0.00	3.73
69	716040.34	9198.63	9.09	0.03	4.82
70	107106.08	2474.03	6.01	0.02	2.96
73	939128.78	2965.30	6.40	0.01	5.47
74	372867.45	1839.94	4.76	0.03	4.07
77	302888.54	5512.39	6.23	0.00	4.23
78	261154.33	4064.20	6.92	0.00	4.43
79	206001.77	2316.29	6.24	0.00	3.59
83	104176.53	2935.43	4.99	0.00	3.98
85	1648284.06	4932.72	7.15	0.05	5.14
86	326736.87	3034.08	5.49	0.03	4.59
88	204376.91	2331.06	5.49	0.03	4.20
91	1190966.80	5145.09	8.03	0.04	5.11
93	220729.75	3702.12	6.23	0.03	4.96
98	372279.72	7673.71	4.09	0.05	0.37
99	2295529.23	5953.18	4.99	0.05	4.26
101	585326.87	3316.16	3.63	0.02	3.81
102	835487.71	6091.39	4.57	0.10	3.98
105	873138.23	6672.06	4.33	0.03	4.32
106	2505815.74	8171.61	7.34	0.00	8.03
107	224778.67	5737.63	4.96	0.03	5.59
111	498352.62	3061.01	3.37	0.00	3.53
116	757463.48	4285.08	4.62	0.08	4.03
117	379206.51	4139.77	4.00	0.03	3.47
119	506684.55	3120.91	4.20	0.07	3.75
120	318695.98	2631.68	3.60	0.00	4.01
121	523526.78	3413.28	4.07	0.26	3.85
122	271553.21	6067.01	4.49	0.00	1.81
124	53806.31	5224.73	5.44	0.06	-0.37
126	166767.05	7451.75	7.42	0.00	1.68
127	193500.42	11847.96	7.46	0.14	1.01
128	120352.43	5947.85	6.31	0.03	1.00
129	281333.34	3340.54	5.83	0.03	2.49
130	2911671.29	7143.01	7.38	0.29	5.71
131	777064.69	5741.63	7.00	0.05	4.39
132	483719.39	2763.04	5.13	0.00	3.14
133	911651.18	4867.36	5.85	0.06	3.67
134	386770.81	5222.39	5.35	0.04	3.68
135	611255.93	3697.04	5.02	0.02	2.62
137	217107.57	3182.60	3.09	0.08	0.99
138	3513014.62	5185.02	3.90	0.18	0.69
139	2441919.36	1662.25	2.67	0.08	2.68
140	1375434.72	6588.67	3.55	0.07	0.60
141	3401389.47	7315.09	4.67	0.83	2.33
142	8291358.50	5357.02	4.25	0.74	3.27
143	5192056.61	7835.85	5.10	0.11	3.49
144	16780769.90	10874.09	5.42	0.29	4.81
145	4726060.15	6417.95	4.44	0.12	3.76
146	2536185.65	7061.19	4.84	0.45	3.84
147	3210966.71	2552.68	3.10	0.06	3.76
148	1273555.69	1624.14	2.65	0.05	2.29
149	1238120.03	2507.27	2.78	0.04	4.45
150	5873506.90	3467.07	3.07	0.20	3.00
151	1364551.09	5949.32	4.53	0.04	4.01
152	1588135.95	2208.19	3.03	0.12	4.01
153	3580801.41	3284.73	3.67	0.07	4.27
154	6921368.40	8996.18	5.82	0.19	5.66
155	1192414.48	2821.34	3.48	0.06	3.78
156	749997.24	3598.18	3.20	0.07	4.21
157	1041944.89	2657.33	5.15	0.05	2.70
162	150067.46	2570.46	4.86	0.02	0.30
163	362049.22	1784.17	3.11	0.00	1.75
166	126261.21	18351.39	7.17	0.03	-0.41
168	322980.91	5046.53	6.73	0.05	1.85
169	248033.94	12626.32	6.73	0.00	0.45
170	869751.88	7957.15	6.68	0.09	2.24
172	7936195.38	7362.34	6.96	0.50	3.72
173	1750590.09	25020.77	9.60	0.03	9.69
175	324457.89	7987.99	6.32	0.02	0.88
176	183109.72	8121.39	6.68	0.03	1.34
177	1658786.14	7813.02	7.13	0.01	2.81
179	288833.07	4911.49	6.32	0.00	2.28
180	136420.20	5146.55	7.02	0.02	0.92
181	498594.72	4576.77	6.46	0.14	1.74
182	402907.56	3583.08	5.43	0.02	1.65
183	665883.47	5145.44	6.62	0.02	3.93
184	484764.59	4195.35	5.26	0.02	2.16
185	225964.40	3483.53	5.60	0.00	1.67
186	467985.15	4735.53	5.83	0.02	2.22
187	621743.64	6032.16	6.20	0.02	2.60
188	1631470.05	8304.19	6.96	0.05	3.04
189	457250.98	4178.12	5.33	0.06	3.28
190	393098.05	11481.91	5.10	0.08	2.78
191	120104.57	5583.88	3.45	0.03	1.15
192	513902.30	7796.40	5.57	0.04	4.97
193	190805.29	6070.08	3.67	0.05	2.33
194	397149.58	9531.71	5.58	0.33	1.18
196	80591.48	5273.65	4.35	0.06	2.38
197	282766.10	16147.35	4.62	0.07	3.01
198	224597.20	5586.41	4.08	0.03	1.87
199	546547.19	4451.34	4.58	0.29	4.02
200	261953.50	4002.02	4.64	0.05	3.69
201	841767.78	10097.46	6.21	0.23	5.25
202	218986.07	13897.72	4.65	0.08	2.69
204	255126.74	4801.28	3.82	0.02	3.23
205	323647.42	4028.58	3.93	0.04	4.06
206	372934.00	4294.04	4.42	0.02	4.23
208	175195.97	4537.45	4.21	0.03	4.00
209	998630.03	17794.91	5.24	0.32	3.79
210	14951121.58	1782.57	4.90	0.29	6.65
212	29108906.38	1874.93	3.34	0.78	6.07
214	502266.59	11988.81	4.48	0.06	5.37
215	204217.10	3521.48	3.49	0.00	4.19
217	699939.68	2696.54	3.48	0.03	4.93
219	270408.97	2732.72	3.16	0.03	5.61
221	237975.31	1836.45	3.28	0.03	4.81
223	116331.75	8658.68	5.40	0.03	5.99
224	218553.42	4425.41	3.65	0.00	4.19
226	236814.23	20060.46	3.45	0.05	4.80
228	115992.97	3719.98	3.45	0.03	4.44
229	560667.55	4457.87	4.11	0.03	4.97
230	379536.52	4015.71	3.82	0.03	4.03
236	704280.09	422.66	2.51	0.03	3.48
247	1143157.18	652.10	2.76	0.03	4.14
254	706350.46	660.04	2.93	0.00	3.89
255	1194033.29	1956.94	7.21	0.06	6.01
258	854662.14	927.17		0.03	5.22
259	859074.16	2722.86	7.58	0.00	5.32
260	894312.66	1786.26	7.33	0.03	5.85
263	2504810.05	4289.23	8.58	0.04	7.22
265	4566342.74	4739.47	5.62	0.29	2.39
266	7100031.75	6951.10	5.76	2.23	3.54
267	1265011.28	4390.31	5.01	0.34	2.82
268	2954626.78	5250.52	5.11	0.18	3.81
269	2191883.76	2101.79	4.61	0.09	5.72
270	5944782.78	1617.37	4.78	0.21	4.71
271	1544337.61	1145.87	4.28	0.05	5.00
272	6488726.00	1503.92	7.74	0.02	4.93
273	7972856.00	1077.37	7.87	0.04	4.79
284	944903.36	5573.12	4.87	0.21	4.50
285	541034.29	8986.25	5.88	0.13	7.00
286	757663.42	4059.89	4.75	0.06	4.98
287	1050403.84	6163.18	5.38	0.14	4.66
288	557977.04	2666.18	4.68	0.12	4.28
289	264903.75	6362.44	5.69	0.04	5.72
290	349177.67	6174.46	5.45	0.07	4.63
291	507694.86	5398.05	5.13	0.07	3.31
292	1868245.90	10195.40	6.78	0.48	6.07
293	363060.35	8752.72	4.98	0.05	3.98
294	888611.61	4988.79	4.53	0.03	3.08
295	819754.89	5952.66	4.64	0.08	2.56
296	4513740.00	669.03	5.19	0.03	5.92
297	7971180.00	702.83	4.50	0.06	3.54
298	1506783.12	1797.58	4.74	0.06	3.58
299	2073974.50	1181.77	6.55	0.04	5.76
301	1833343.92	5163.55	6.12	0.03	4.14
302	5421934.96	2526.39	6.47	0.02	5.01
303	2040837.59	9946.11	5.80	0.03	3.69
304	1110195.55	12952.60	6.43	0.06	2.38
306	19703320.91	2101.67	5.38	0.03	6.71
307	14843032.48	1755.73	4.76	0.07	6.79
309	2084493.11	2041.87	5.85	0.03	4.57
310	1514929.14	1686.32	6.19	0.06	6.84
313	4244919.16	8312.34	8.36	0.11	9.78
315	3175875.34	1343.28	5.00	0.17	5.20
316	3456728.42	3016.68	5.37	0.03	4.17
317	1502814.54	2417.47	5.45	0.00	6.26
318	16920963.74	2314.17	4.75	0.03	6.54
321	1815500.13	1121.09	3.98	0.03	5.19
322	1831175.27	908.15	4.28	0.01	4.33
323	3765758.33	1669.59	4.98	0.01	4.76
325	962877.83	1475.08	5.63	0.05	3.48
326	1003914.96	3538.71	4.39	0.13	1.54
329	309202.14	1317.71	4.37	0.00	5.17
333	80689.09	32810.65	10.22	0.15	-2.22
334	869965.75	33473.49	11.78	2.06	-0.50
335	164286.85	37993.37	12.67	0.18	4.72
336	3357933.57	28752.63	11.57	12.00	1.95
337	801363.34	24898.15	10.93	1.34	0.34
338	2685041.58	26259.59	10.98	5.74	2.93
339	1589614.06	25680.34	10.70	3.13	0.50
340	300540.78	22784.55	11.07	0.63	1.88
345	1521131.92	800.16	2.97	0.03	6.15
353	2152350.65	3425.88	6.28	0.04	7.66
359	539580.34	985.78	7.37	0.02	3.95
396	2358051.42	12441.23	4.66	0.16	5.11
397	220519.57	15174.34	4.64	0.01	4.25
398	1242625.56	12654.98	4.35	0.08	4.20
399	2018898.55	19972.02	6.30	0.20	6.98
400	386412.97	13353.63	4.02	0.03	2.94
401	1070155.22	12855.14	6.11	0.19	3.17
402	181510.22	12950.84	5.92	0.06	1.44
403	1099023.59	12560.17	6.11	0.04	2.54
404	1448837.93	12012.24	5.49	0.19	2.30
405	734221.35	8002.51	4.90	0.01	2.39
406	1214762.29	8120.55	5.23	0.06	3.63
407	1084490.48	11732.66	5.94	0.05	2.32
408	683557.26	4455.26	4.02	0.04	2.81
409	1772844.45	16715.95	6.80	0.27	3.87
410	1086923.72	6736.03	4.53	0.02	3.43
411	1287760.48	10591.86	5.78	0.11	3.37
412	402521.65	10008.90	5.58	0.07	4.84
413	234128.83	9898.48	5.37	0.07	4.32
414	2892419.12	9963.06	5.25	0.10	4.20
415	1837500.15	5720.54	4.15	0.06	4.05
416	446759.92	6554.50	4.86	0.04	3.40
417	297447.51	12926.84	4.80	0.05	2.38
418	1530786.60	4317.59	3.53	0.04	3.43
419	2230194.75	6500.78	4.58	0.06	4.79
420	789142.14	13122.93	4.63	0.02	4.09
421	410683.39	5472.68	5.32	0.02	5.20
422	4568142.48	22841.08	7.58	0.34	8.76
423	2082858.00	6882.65	4.18	0.03	4.82
424	1371314.69	5522.46	3.98	0.05	3.68
425	1019682.81	6210.15	4.33	0.03	4.48
426	5453561.17	8644.16	5.73	0.16	6.12
427	665431.20	8443.92	5.58	0.21	5.49
428	582035.16	10297.20	5.20	0.18	4.45
429	3282635.90	6685.61	4.45	0.30	4.45
430	1601459.77	5966.30	3.21	0.27	3.68
431	301960.82	14351.34	5.21	0.00	2.19
432	740061.54	7027.06	4.38	0.08	3.57
435	536856.07	4538.43	7.01	0.02	4.77
441	453235.84	3707.64	6.02	0.03	5.34
455	381352.39	1929.09	1.03	0.04	4.28
458	1207536.38	15104.41	4.96	0.03	6.98
465	158674.91	5061.89	2.22	0.10	3.54
475	305441.87	19039.10	7.50	0.06	4.01
476	681153.51	16444.44	7.70	0.09	4.99
477	479180.17	14806.71	7.40	0.08	4.00
478	507211.65	14547.39	7.50	0.17	4.15
479	282378.56	18211.73	7.65	0.04	3.79
480	406425.98	15018.53	7.33	0.04	3.86
481	760863.34	16259.10	7.82	0.10	5.11
482	1042558.22	16359.54	7.63	0.24	4.77
483	226455.44	16097.11	7.60	0.02	3.16
484	306085.98	17636.44	7.38	0.01	3.18
485	132989.25	16563.17	7.44	0.05	2.48
486	105058.35	22355.32	8.23	0.07	2.56
487	332876.01	17905.71	7.41	0.24	3.50
488	112987.88	17386.79	8.36	0.01	3.06
489	238722.83	17503.75	8.70	0.23	3.38
490	98701.40	21402.77	8.44	0.04	3.07
491	63045.38	21628.49	9.01	0.06	2.21
492	333924.51	21834.93	8.68	0.10	4.12
493	141057.34	16250.96	8.48	0.03	2.99
494	3361533.71	27501.61	8.37	2.40	6.45
495	1408134.50	20943.54	8.30	0.51	5.30
496	418403.53	13316.05	7.45	0.04	3.40
497	267551.13	15629.69	7.49	0.03	3.03
498	937482.40	19504.54	8.01	0.06	5.38
499	695019.03	18820.42	7.77	0.13	4.57
509	2202427.89	23448.41	6.98	4.64	5.68
510	5739681.50	26185.99	7.38	13.92	6.17
511	3888887.64	27395.98	8.16	15.07	5.32
512	2370073.16	23172.28	7.46	2.44	4.94
513	4621005.95	28627.91	7.33	9.09	4.16
514	1443823.36	23834.10		1.13	4.77
515	353070.29	18312.15	8.96	0.21	3.51
516	174715.23	17037.70	9.16	0.27	3.45
517	297267.14	18381.65	9.28	0.80	3.21
518	1162020.12	28152.49	9.98	1.97	5.29
519	259504.31	22310.64	9.54	0.70	3.64
520	324688.47	20110.24	9.27	0.30	3.73
521	442451.82	25705.34	9.58	0.68	3.79
522	2113909.26	21020.40	7.29	4.23	4.63
523	939175.23	24218.33	10.52	2.19	0.51
524	839550.13	26665.64	10.48	6.49	0.40
525	2202910.21	37547.00	11.25	8.38	1.32
526	2814734.62	28041.34	11.33	9.75	1.22
527	113897.34	37471.96	10.21	1.01	-3.88
528	5719163.63	24228.68	10.69	17.36	1.50
529	519749.97	19577.39	10.27	3.48	2.28
530	624605.88	20271.07	10.75	1.77	2.77
531	455625.44	19257.80	9.95	1.53	0.32
532	93161.56	18775.85	10.58	0.82	3.07
533	363261.26	21044.39	8.96	0.05	4.60
534	755311.54	18037.89	7.89	0.16	4.93
535	190012.13	29865.70	8.99	0.11	4.51
536	467663.27	26955.81	9.19	0.22	5.84
537	791219.21	25260.77	8.96	0.16	6.27
538	753444.80	19137.34	8.59	0.21	4.64
549	7788561.81	30392.17	11.09	45.58	2.30
550	240644.48	24082.20	8.87	0.12	3.21
551	348511.86	18391.27	8.55	0.44	3.49
552	123077.90	20532.64	9.09	0.03	3.12
553	361842.44	27274.98	8.89	0.28	3.94
554	258398.63	16767.23	7.49	0.07	3.65
555	244880.21	15601.64	7.50	0.02	3.91
556	607787.64	17179.55	8.34	0.03	5.29
557	180776.31	24898.66	8.77	0.04	3.97
558	83450.20	17783.04	7.96	0.00	8.47
560	13246043.19	1304.57	2.70	0.22	5.46
561	50847960.77	812.26	1.95	0.27	6.25
562	540419.84	7240.69	6.40	0.23	8.97
563	37517081.00	1238.04	2.17	0.24	5.03
564				0.03	
565	689837.35	3720.95	4.50	0.36	5.73
566	5914742.62	3941.69	5.65	1.19	8.80
567	23570455.85	2090.48	3.00	0.82	5.44
568	10033544.71	2462.81	3.10	0.60	5.97
569	3135566.78	1928.93	3.45	0.83	4.55
570	5010907.52	1508.59	2.58	0.12	4.36
571	43732389.69	2439.86	3.65	2.83	5.57
572	1059206.58	1308.67	3.63	0.02	4.44
574	772170.38	1650.68	2.96	0.03	4.37
575	17389016.65	1126.66	2.54	0.08	5.33
576	12276521.15	2708.64	3.53	0.09	6.03
577	26161131.62	1284.33	1.95	0.07	4.90
578	246031.60	1742.58	2.32	0.03	4.11
579	1514296.42	1320.40	3.87	0.00	5.56
580	78751457.23	1141.51	2.29	1.67	6.14
581	38184884.31	1556.72	2.90	0.57	6.69
582	135636.53	2698.50	3.06	0.02	5.61
584	178029.71	2761.12	2.77	0.04	4.93
586	776387.69	2954.77	3.30	0.08	4.19
587	575868.87	1722.87	2.18	0.00	4.53
588	466372.39	1168.43	2.82	0.06	4.86
591	842862.72	2127.72	3.11	0.10	5.02
595	355024.20	3290.55	3.23	0.03	4.69
597	453896.59	1239.34	2.87	0.06	5.04
598	110784.01	2592.38	3.10	0.05	4.60
599	364502.25	6104.15	3.54	0.03	5.78
600	1181422.31	2326.00	2.75	0.03	4.69
601	492703.93	2537.82	2.76	0.05	4.59
602	231739.92	1554.68	2.41	0.00	3.57
604	353240.42	6077.88	6.83	0.11	6.94
605	305929.07	12829.36	4.64	0.07	5.92
606	259548.30	1567.68	2.42	0.03	4.38
609	376672.81	2402.82	3.11	0.00	4.21
610	346396.89	8254.43	3.66	0.02	5.56
612	613469.54	1210.41	2.61	0.00	5.01
620	211378.51	2243.06	2.45	0.03	3.13
621	139599.57	2326.84	2.49	0.16	3.69
622	238088.95	2014.84	2.89	0.01	4.06
623	262125.11	1192.23	2.55	0.03	4.80
627	2227605.62	5075.45	7.86	0.05	4.28
631	1758226.87	8075.06	8.38	0.03	4.14
632	1035036.41	3921.94	7.44	0.03	4.41
635	1399661.31	5610.36	8.62	0.01	2.58
636	1120959.63	3676.71	7.93	0.03	4.39
637	2405721.38	17728.77	8.16	0.03	4.16
641	796438.25	7567.83	8.09	0.10	3.84
642	4595443.50	4524.95	7.68	0.04	3.01
644	596737.69	4552.53	8.00	0.06	4.43
645	343874.66	6564.12	8.78	0.03	1.82
646	1229860.94	2349.02	7.57	0.00	2.51
647	7614117.75	9477.97	8.66	0.06	6.46
653	237659.71	25233.44	5.87	0.04	4.93
654	487799.08	108874.62	7.07	0.07	2.64
655	395060.30	71454.84	8.28	0.07	5.03
657	1606319.96	10091.53	5.75	0.00	5.25
658	610195.50	6348.77	4.89	0.03	4.17
659	275362.85	7727.78	4.77	0.03	3.76
664	5994684.03	10969.30	6.00	0.21	6.05
665	421389.44	5666.41	4.83	0.02	5.01
666	2136621.43	8135.94	6.56	0.08	4.67
669	396922.88	7071.94	5.80	0.08	3.79
670	283150.23	4447.29	3.88	0.03	3.45
671	681378.93	6382.48	5.30	0.05	3.89
672	1129928.00	4947.34	4.92	0.02	3.58
675	447547.18	5953.44	4.84	0.00	4.15
676	261991.40	4629.22	5.44	0.00	3.83
677	364699.43	5622.99	4.61	0.03	3.84
678	697800.43	6738.74	4.48	0.06	4.42
679	338101.26	7672.87	5.25	0.00	3.72
682	315679.46	5018.92	4.54	0.00	3.96
685	597903.14	2909.88	3.13	0.02	3.83
686	1801997.25	5604.44	4.69	0.01	4.63
687	726944.12	8126.68	5.14	0.02	4.30
690	267427.05	4689.13	4.32	0.00	3.35
692	642658.92	4918.79	4.59	0.05	5.18
696	519999.80	2809.94	4.12	0.04	4.89
698	210913.46	3246.64	4.45	0.00	2.44
699	733055.79	4795.31	4.43	0.02	4.76
700	462400.39	3518.13	4.25	0.03	4.31
702	143033.69	5121.34	4.76	0.00	3.33
706	236391.29	4972.02	4.56	0.03	4.54
711	644135.61	3735.76	3.53	0.00	4.20
714	198833.82	1911.75	3.46	0.00	3.52
715	1330602.96	2613.74	3.13	0.03	4.09
716	389842.13	2250.38	3.20	0.03	3.41
717	3430204.45	1233.64	5.79	0.06	4.74
718	3753787.33	5493.80	8.71	0.16	9.54
719	3244344.56	1642.72	1.04	0.03	2.75
723	35797396.40	1365.31	2.34	0.08	5.67
724	14432051.50	1913.56	2.68	0.02	5.17
725	8954813.05	1251.67	1.63	0.06	5.25
726	4089135.50	1093.56		0.00	5.59
728	1249986.12	573.91		0.00	4.70
731	1038178.02	774.32	11.00	0.00	3.54
733	887521.00	15808.80	9.42	0.75	5.26
734	1345039.42	15128.56	10.71	0.03	9.35
735	972085.91	13773.30	9.44	0.52	4.51
736	4799268.21	15700.55	10.66	48.81	6.57
737	6379354.19	17566.98	11.38	34.16	9.74
738	1212693.24	11754.07	9.40	0.53	5.54
739	2200946.14	14436.50	9.52	3.31	5.77
740	2019805.75	14994.82	9.66	8.90	5.90
741	1722521.29	17427.62	9.13	7.50	4.95
742	2563829.33	17314.43	9.90	2.83	5.85
743	2262316.24	11736.87	10.64	0.88	9.31
744	1451259.50	11111.60	10.63	1.44	8.50
745	306659.84	12664.61	10.04	0.12	5.60
747	1046530.19	4752.18	9.31	0.12	5.51
749	186111.97	3421.25	7.96	0.03	5.40
750	504727.25	2639.11	8.64	0.01	6.10
752	110624.99	3803.87	7.93	0.01	3.90
754	70527.77	3149.66	8.28	0.15	4.61
758	4065866.11	30321.85	10.86	84.65	7.16
759	794835.32	19491.36	9.95	6.36	4.65
760	984176.57	18460.06	9.73	1.32	5.04
761	3304955.93	19985.17	10.99	55.78	6.96
762	904195.28	19987.68	10.46	4.31	5.57
763	503359.47	24305.70	10.27	111.56	5.26
764	2874726.72	22389.04	10.79	18.14	6.86
765	1313223.63	22324.49	10.10	14.11	5.02
766	1260468.12	21500.83	10.44	66.87	5.26
767	1209647.28	23659.19	10.45	18.71	5.72
768	1717014.38	25058.91	11.04	20.16	5.81
769	3270802.65	22980.43	10.87	79.65	6.46
770	1730713.96	23679.27	10.36	77.96	6.12
771	720516.06	23693.83	10.43	2.12	5.61
772	919118.40	19744.41	9.93	2.62	4.53
773	614033.27	22600.89	10.76	12.50	6.37
774	1045009.11	17751.89	10.22	5.00	5.28
775	4778788.64	23758.78	11.51	89.30	8.08
776	493084.28	18413.48	9.83	3.52	4.76
777	1087002.30	19386.66	10.16	9.42	5.49
778	1587053.81	23487.67	10.75	54.72	6.33
779	1081192.90	23223.50	10.33	19.17	5.73
780	1422151.59	22486.92	10.58	80.71	5.73
781	686774.16	17718.34	10.09	2.48	5.02
782	1331877.63	22935.89	10.68	27.67	5.06
783	931991.80	17753.73	10.19	3.86	5.91
784	808752.83	16189.06	11.19	30.09	5.89
785	1554578.79	23239.92	9.96	8.83	5.27
786	735258.17	21537.63	10.57	1.74	5.26
787	1170626.78	23782.87	10.80	114.97	5.58
788	747162.12	20236.23	10.88	0.77	6.35
789	5278611.74	28622.17	10.88	39.02	8.42
790	523062.47	19738.36	10.43	0.98	5.87
791	3846875.77	18573.47	10.89	98.05	7.39
792	742782.44	26691.42	10.61	15.32	5.70
793	474289.79	19346.07	9.95	4.99	4.74
794	2214205.09	25613.32	10.56	56.74	6.11
795	1190156.98	25382.70	10.40	17.19	5.69
796	498576.86	19359.66	9.91	2.21	5.30
797	7334678.56	44735.27	11.41	303.65	8.79
798	374314.64	21050.53	10.49	1.34	5.17
799	694277.41	25308.20	10.55	15.54	5.56
800	649179.64	19881.55	10.26	4.01	5.44
801	797773.65	20341.65	10.18	4.98	4.89
802	945612.29	23165.29	10.74	9.58	5.54
803	522989.25	22447.05	10.72	7.15	5.25
804	1060367.75	18052.32	6.23	0.21	4.21
805	398444.19	16378.10	5.85	0.19	4.10
806	1317332.25	14646.53	5.97	0.43	4.91
807	3695381.56	16111.95	6.32	0.40	6.03
808	218448.35	18038.87	6.04	0.12	4.27
809	2628981.76	16786.38	6.05	0.62	5.32
810	3122189.09	16044.81	6.04	1.57	5.27
811	381906.04	16090.80	6.10	0.02	3.70
812	1148590.21	18177.12	7.57	0.09	4.51
813	411613.38	15947.90	6.57	0.04	3.52
814	472730.32	16806.20	6.59	0.03	3.95
815	2792936.38	21178.75	8.84	0.32	5.30
816	827727.45	16487.15	6.87	0.03	3.89
817	290180.34	18305.12	7.00	0.03	3.91
818	336210.19	18622.94	7.22	0.12	4.18
823	371737.72	9632.27	7.79	0.02	5.74
824	111740.02	5707.84	5.76	0.00	4.14
827	2430162.75	3702.28	4.49	0.06	6.82
829	2284576.12	2501.35	3.53	0.03	5.78
832	1905567.75	4053.39	5.90	0.06	7.19
834	2656252.25	3334.75	5.04	0.07	4.81
836	1834130.00	2335.94	3.22	0.05	5.08
837	3890344.00	5021.89	6.59	0.10	7.66
838	1863196.69	2716.04	4.68	0.02	8.14
840	235632.77	4297.04	5.85	0.03	3.84
841	2435313.12	2674.81	4.30	0.02	6.66
843	1545294.81	1954.14	3.55	0.06	7.02
851				0.00	
853	129238.80	1501.94	2.14	0.03	-1.65
854	270150.89	1726.19	4.92	0.03	-0.53
855	1940225.55	1492.66	6.51	0.12	2.74
856	1770947.25	1810.11	6.95	4.44	2.88
857	2209789.26	1326.04	6.39	0.06	2.83
858	1754700.61	889.11	4.64	0.27	2.87
859	2960801.08	1842.94	6.54	0.20	3.30
860	3237068.94	1585.42	6.50	0.40	3.30
861	5942658.06	2388.88	5.89	0.55	2.90
862	2018082.48	1307.22	4.87	0.06	2.24
863	750170.86	6171.79	9.15	0.07	4.22
864	4841082.74	1541.99	6.49	0.05	3.87
865	5014903.89	2472.54	6.38	0.11	3.94
866	554514.38	5132.46	8.02	0.31	4.31
867		14655.47	8.80	81.80	6.32
868	1622098.08	2546.77	5.85	0.69	3.17
869	3133685.47	1420.60	5.46	0.19	3.63
870	3991671.81	1916.73	6.74	3.08	3.53
871	2060297.58	1418.71	5.86	1.10	3.07
872	3906116.77	3091.04	6.45	0.21	4.18
873	818948.09	8378.98	8.44	0.04	5.47
874	2449620.17	3198.69	5.99	2.13	3.75
875				2.89	
878	191446.08	5385.89	8.42	0.08	3.94
879	98462.87	5870.29	8.29	0.03	3.83
889	2846355.37	4517.13	9.13	0.00	7.84
891	3176777.46	25197.40	8.48	3.98	6.42
892	380404.73	29555.19	8.59	0.28	4.50
893	508414.25	25991.83	8.51	0.09	5.04
895	524734.96	7134.95	10.30	0.06	0.84
896	326858.31	17350.22	10.66	0.03	1.37
900	1112211.88	7420.75	10.47	0.13	1.24
903	516787.73	17388.50	12.18	0.10	4.80
912	30950.03	6546.44	10.64	0.03	2.72
914	34390.71	8169.39	10.49	0.06	2.51
915	142544.98	9943.35	11.80	0.11	3.83
917	55441.02	7482.21	10.80	0.06	2.84
920	124529.41	6618.03	10.34	0.00	3.62
931	57551.78	4841.67	10.54	0.03	3.51
932	893221.83	12933.58	11.33	0.26	5.67
936	25946.36	4151.97	9.95	0.00	2.73
946				0.03	
951				0.02	
956				0.00	
957	431174.90	32295.70	12.74	3.89	5.31
958	179353.69	24674.41	12.52	1.03	3.87
959	275898.19	39851.39	13.02	2.59	7.34
960	735203.59	28296.08	12.62	3.90	5.00
961	156765.22	27326.88	12.62	2.64	4.85
962	171130.12	29563.12	12.54	1.47	5.68
963	120285.50	28900.69	12.63	1.73	5.32
964	146960.82	48822.08	12.77	4.56	8.58
965	179180.12	33520.13	12.72	6.44	6.15
966	372788.84	31875.10	12.56	7.10	5.88
967	877771.56	40869.41	12.77	12.46	6.53
968	27748.06	36799.81	12.31	0.17	4.01
969	53438.02	32269.85	12.57	1.14	5.49
970	47913.40	27751.58	12.39	0.18	5.05
971	312723.69	28663.57	12.46	2.58	5.37
972	127692.70	29814.02	12.52	1.04	3.22
973	211308.97	28566.45	12.44	1.50	5.80
974	238670.51	27921.52	12.56	1.25	5.38
975	25057.23	26900.13	12.46	0.57	3.46
976	83134.44	30673.72	12.49	0.49	4.82
977	21342.59	25657.32	12.51	0.13	4.08
978	24147.41	35828.50	12.58	0.47	4.78
979	64264.59	53026.33	12.78	0.86	5.89
980	150652.16	27293.77	12.63	0.51	4.33
981	1695675.54	36339.15	10.88	13.47	5.50
982	294954.97	23346.99	10.77	2.59	3.54
983	249222.83	22906.09	10.02	0.96	3.60
984	387904.84	24698.16	10.28	2.40	3.51
985	267329.52	24464.67	10.11	1.73	3.34
986	242468.66	26364.77	10.09	0.47	3.76
987	295448.51	26398.49	10.03	0.78	3.30
988	161991.85	26216.48	10.20	0.56	2.94
989	219905.55	24827.36	9.85	2.32	3.02
990	53199.93	23146.26	9.99	0.29	2.89
991	135431.52	24777.92	9.91	0.41	3.91
992	981322.86	25565.70	10.17	4.64	4.57
993	242728.06	24411.74	10.07	1.15	3.84
994	1403858.17	27041.60	10.28	6.50	3.94
995	277057.97	24117.29	10.09	1.21	2.55
996	292203.47	25232.83	10.00	1.09	2.24
997	297006.56	25328.69	9.92	3.14	2.67
998	280692.58	27471.65	10.12	0.81	2.40
999	147215.60	24876.17	10.20	0.15	0.90
1000	298287.37	24801.31	10.50	2.44	1.46
1001	331144.01	26559.42	10.37	0.90	0.90
1002	88089.36	13700.35	9.86	0.03	4.51
1003	225477.12	15780.29	10.32	0.04	4.97
1004	53031.91	15658.48	10.05	0.07	4.26
1005	182827.82	17323.71	10.11	0.18	4.66
1006	32895.43	14798.21	10.19	0.02	5.15
1007	49383.66	16396.04	9.88	0.06	4.35
1008	97172.06	17670.19	9.75	0.09	3.93
1009	35885.82	14889.66	10.05	0.05	3.54
1010	349724.32	26663.96	11.00	0.14	5.25
1011	140778.64	16978.15	10.43	0.05	4.52
1012	85356.63	18558.54	10.12	0.08	3.95
1013	72696.32	20538.98	10.30	0.03	4.61
1014	451498.08	28359.43	10.07	0.16	5.70
1015	413149.41	13460.47	8.98	0.05	4.89
1016	458090.52	11624.09	9.11	0.11	4.90
1017	532800.14	11011.76	9.05	0.08	4.72
1018	524972.79	10277.96	8.88	0.06	4.62
1019	498807.44	9982.83	9.01	0.04	4.25
1020	596939.19	7698.88	8.54	0.04	4.47
1021	577986.69	11042.12	8.89	0.04	4.73
1024	1107441.88	9439.42	11.14	0.00	6.18
1036	200332.38	3751.70	9.07	0.00	4.32
1046	1001155.49	11150.48	10.64	0.27	1.20
1047	314071.58	3323.41	9.99	0.07	4.02
1048	305910.62	3245.81	10.38	0.00	3.42
1050	585629.43	3621.62	10.42	0.16	4.24
1051	471878.56	3311.63	10.76	0.03	4.44
1052	1910797.07	5147.88	10.26	0.07	3.70
1053	813906.31	6298.12	10.72	0.09	4.25
1054	1258015.67	13727.06	11.08	0.04	1.89
1055	673110.38	7109.56	9.74	0.09	2.55
1056	719856.20	5002.02	9.80	0.14	2.65
1057	6409869.86	9943.60	11.50	1.47	4.33
1058	1167413.43	4451.74	9.90	0.12	3.70
1059	950810.42	6040.27	9.95	0.09	3.08
1060	826664.01	9582.38	10.20	0.15	1.45
1062	723803.24	5788.87	9.79	0.02	2.54
1063	3221932.68	7693.87	10.21	0.38	3.84
1064	1409648.35	5963.33	10.00	0.14	2.90
1065	1292642.89	13300.30	9.95	0.07	2.19
1066	1307268.83	8281.41	10.21	0.02	3.65
1067	907462.64	6020.51	10.39	0.08	3.59
1068	1022552.47	6189.26	9.92	0.08	3.75
1069	1007220.01	10059.74	9.94	0.09	3.92
1070	14545508.82	18930.95	11.56	6.62	5.86
1071	722352.98	5962.58	10.01	0.05	3.57
1072	3267233.45	5178.86	10.42	0.17	3.77
1073	1453181.92	6140.38	10.06	0.15	4.21
1074	2072547.90	6291.83	10.41	0.07	3.17
1075	1175143.34	7622.79	10.18	0.03	4.02
1076	3613729.93	6263.08	10.22	0.10	4.22
1077	791554.10	4658.27	10.16	0.06	3.57
1078	1238737.86	4344.25	9.89	0.03	3.53
1079	1080815.05	6127.41	9.99	0.08	3.46
1080	1009619.70	4719.62	9.74	0.09	3.57
1081	1398636.28	5352.44	10.13	0.04	3.97
1082	1924395.14	5257.82	10.11	0.17	3.84
1083	3497193.80	8559.40	10.14	0.07	3.36
1084	3104977.14	8321.30	10.33	0.20	3.71
1085	921880.59	4637.62	9.59	0.07	2.69
1086	1236721.19	14648.03	10.55	0.09	0.95
1087	1487672.78	5659.05	9.82	0.17	2.56
1088	670682.98	4086.21	10.32	0.09	3.44
1089	4353110.05	9525.35	10.21	0.16	3.15
1090	1466913.26	7794.64	10.34	0.18	3.63
1091	745249.02	6159.10		0.14	3.10
1092	1168557.95	4612.38	10.17	0.02	4.28
1093	220296.31	3670.91	10.31	0.00	1.42
1094	1773224.02	8342.64	10.10	0.18	2.87
1095	2729327.75	11145.71	10.66	0.12	4.12
1096	2155273.27	6021.86	10.41	0.08	3.27
1097	3308244.89	11060.60	10.35	0.09	4.02
1098	1201719.39	5591.03	10.05	0.04	3.65
1099	1887755.09	7560.28	10.14	0.08	2.71
1100	2156441.30	4405.23	9.92	0.18	2.74
1101	159635.86	3932.09	9.91	0.10	0.78
1102	2568587.59	8859.10	10.09	0.14	3.44
1103	469840.55	7488.04	10.20	0.05	2.21
1104	2382266.91	7207.10	10.28	0.58	2.73
1105				0.08	
1107	849504.52	6142.38	10.34	0.12	1.05
1108	799886.65	7313.33	10.28	0.28	0.97
1109	1219428.52	18889.85	11.04	0.01	-1.14
1110	149820.36	5521.00	9.51	0.06	1.71
1111	1293419.65	10087.93	10.82	0.08	0.64
1112	237685.68	14190.21	11.39	0.00	-0.77
1113	459653.62	15309.56	10.77	0.16	1.93
1114	444007.73	6286.94	9.03	0.03	4.38
1116	517230.67	7565.41	9.72	0.11	4.66
1117	381489.56	4671.93	8.76	0.08	4.41
1118	277142.26	5310.19	8.80	0.03	4.45
1119	184248.17	4988.12	8.63	0.15	4.17
1120	278982.27	5927.01	9.14	0.02	4.12
1121	427620.45	7930.42	10.08	0.04	4.71
1124	425329.92	6036.87	9.10	0.10	4.47
1128	593455.84	5293.63	8.95	0.08	4.99
1129	404294.62	4779.00	8.69	0.05	4.54
1130	507528.97	4517.89	8.69	0.00	4.39
1132	263648.06	4957.17	8.80	0.08	4.36
1133	352385.84	4567.66	8.26	0.00	4.40
1134	500498.10	8087.45	9.35	0.03	4.62
1138	463589.36	6818.34	9.35	0.05	4.56
1139	227156.90	4012.72	7.54	0.02	4.16
1140	383685.46	4864.80	8.53	0.10	4.90
1142	207852.72	5466.58	7.88	0.02	4.20
1143	590841.07	6387.29	9.08	0.13	5.17
1145	1361317.34	13397.29	10.97	0.33	8.99
1146	211983.04	8239.40	8.08	0.00	5.26
1147	509807.78	4871.56	8.80	0.04	4.59
1150	343737.66	4560.85	8.44	0.00	4.49
1151	293989.52	5950.02	8.85	0.09	4.28
1152	335744.25	6974.90	8.86	0.08	4.09
1153	241059.64	5340.68	8.80	0.05	3.69
1154	354745.07	6041.94	9.40	0.15	4.25
1155	488266.26	7873.04	9.58	0.03	4.36
1156	2103909.67	9441.18	10.02	0.15	4.97
1157	4036485.25	14448.77	10.57	0.80	4.93
1158	2437008.27	8843.32	10.49	0.17	5.34
1159	3759718.25	11461.34	10.81	0.37	5.97
1160	1758719.46	7534.14	9.76	0.19	4.48
1161	1664898.26	7561.83	10.09	0.10	4.79
1162	1027597.30	7828.93	9.63	0.03	4.71
1163	1012050.84	7576.69	9.72	0.09	4.10
1164	2711417.69	10434.38	10.41	0.22	4.71
1165	824909.60	9624.33	10.24	0.05	4.28
1166	2331430.97	10515.66	10.45	0.21	4.99
1167	868284.29	8990.25	10.49	0.32	4.76
1168	1717855.59	9506.38	10.40	0.04	4.75
1169	1220816.52	8250.01	10.32	0.06	4.09
1170	3248931.64	10258.17	10.42	0.21	4.55
1171	460532.34	88789.33	9.02	1.98	6.92
1172	416789.85	29981.95	9.02	0.78	4.43
1173	195033.89	25283.50	8.53	0.08	1.92
1174	189985.81	24251.78	8.62	0.36	1.98
1175	233948.06	25658.33	8.48	0.24	4.05
1176	227001.69	27187.83	8.55	0.23	2.72
1177	193557.59	26008.73	8.74	0.14	4.50
1178	160285.73	27493.97	8.63	0.68	2.37
1179	93706.13	24876.19	8.72	0.23	2.36
1180	138044.31	29235.22	8.81	0.09	2.99
1181	328653.33	32802.77	8.63	0.68	3.58
1182	413994.07	33857.43	8.82	0.31	3.28
1183	110879.09	28981.72	8.64	0.24	1.74
1184	258411.39	27793.13	8.56	0.32	2.76
1185	277328.45	35420.38	8.88	0.92	2.59
1186	145842.44	25235.15	8.75	0.11	1.74
1187	303979.39	26762.11	8.48	0.11	1.83
1188	206558.20	31511.74	8.56	0.25	1.73
1189	107525.54	30457.99	8.30	0.13	0.42
1190	469538.76	40023.85	10.33	0.92	5.46
1191	518796.26	27986.20	9.98	0.96	5.17
1192	387527.95	27690.04	9.77	0.48	5.16
1193	881971.01	29632.73	10.07	1.94	5.75
1194	1554341.45	28898.80	10.06	5.03	5.92
1195	256306.91	24910.57		0.32	5.29
1196	915953.05	41509.47	10.79	2.84	6.66
1197	2069544.45	39344.26	10.59	6.79	6.78
1198	2730203.48	34830.23	10.17	8.54	6.95
1199	297296.41	30565.33	9.85	0.51	5.26
1200	1883427.18	34377.83	10.07	25.14	6.13
1201	903448.68	30300.37	9.86	4.50	6.24
1222	611031.90	9142.50	11.11	0.48	4.46
1223	340327.44	10411.34	10.79	0.00	4.31
1227	113859.22	5473.11	9.85	0.00	3.39
1229	163036.28	8532.60	10.12	0.03	3.25
1230	740792.46	13254.89	11.43	0.34	4.48
1231	2778361.60	30619.81	6.86	7.20	5.19
1232	1178355.12	26953.28	7.35	0.78	5.73
1233	989445.43	24745.57	6.53	0.52	4.99
1234	3069544.99	27801.39	6.96	8.43	5.16
1235	83103.59	31212.31	6.75	0.08	3.59
1236	6389578.64	31606.17	7.23	26.89	5.92
1237	870264.61	27598.07	7.20	1.61	5.08
1238	655304.81	29260.48	7.21	0.52	4.20
1239	3163371.69	27856.33	6.82	5.51	5.50
1240	1399483.77	21278.43	9.93	8.49	8.19
1241	751197.29	10090.94	8.27	0.64	5.07
1242	309568.15	12773.79	8.22	0.10	4.57
1243	233454.68	11628.16	8.23	0.25	4.93
1244	273710.01	11045.35	8.18	0.48	4.42
1245	318517.38	14525.25	8.48	0.15	4.64
1246	201137.29	12193.98	8.25	0.09	4.42
1247	220638.63	10503.16	7.99	0.11	4.38
1248	299130.68	8396.20	8.21	0.17	4.54
1249	250124.38	7821.93	7.78	0.05	4.04
1250	184836.84	9448.41	7.80	0.10	4.23
1251	572332.69	9551.28	7.97	0.32	4.66
1252	248187.53	8761.66	8.02	0.05	4.52
1253	169533.58	12173.76	7.84	0.06	4.49
1254	403969.86	8715.02	7.98	0.96	4.48
1255	313799.77	8831.82	7.72	0.09	4.33
1256	432997.76	7759.57	7.62	0.61	4.59
1257	404037.20	11273.87	7.71	0.08	4.19
1258	301799.66	9992.56	7.76	0.07	4.30
1259	319290.00	11240.87	8.30	0.61	4.64
1260	7447765.10	28108.85	10.10	107.01	5.62
1261	8784348.39	27571.93	9.89	119.21	5.10
1262	2870919.35	26806.18	10.95	13.26	8.27
1263	2099975.22	24357.99	12.75	3.01	4.46
1264	565125.71	32977.22	9.93	0.20	7.44
1265	1436075.83	40844.84	10.43	0.11	7.73
1266	4563139.21	28947.86	10.19	55.67	5.61
1267	1515468.75	23978.36	12.70	6.31	4.35
1268	6218076.58	22566.30	9.95	31.31	5.06
1269	13980826.13	25954.83	9.76	110.58	6.24
1270	2964931.45	23357.26	9.63	47.39	5.26
1271	819988.39	23586.75	9.50	2.74	6.03
1272	3547294.32	24651.43	12.86	10.10	5.49
1273	2146457.19	23386.54	12.62	2.08	4.86
1274	2286126.37	23109.34	10.07	15.29	5.14
1275	7794716.19	39693.30	8.40	67.70	6.75
1276	1020078.36	24027.63	6.65	2.37	3.96
1277	1395060.68	21341.12	6.48	3.82	4.53
1278	1326819.03	25083.96	6.59	3.15	4.94
1279	1751356.79	22953.37	6.85	7.26	4.09
1280	1184150.75	22281.95	6.82	4.25	3.92
1281	3115227.02	20713.35	6.75	4.45	5.77
1282	1756947.92	21629.72	6.78	3.40	4.58
1283	1242695.07	25226.06	7.30	5.85	5.29
1284	812886.15	22519.48	7.03	3.87	4.22
1285	520919.18	19708.84	6.86	0.71	3.75
1286	3840295.97	25164.97	7.51	28.51	4.79
1287	947177.01	20418.89	7.06	3.36	3.92
1288	762345.66	20078.95	9.36	1.25	2.09
1289	2485847.80	32124.71	9.59	13.99	3.99
1290	1413990.72	19156.64	9.40	6.75	3.02
1291	793260.47	21496.60	9.41	3.78	1.49
1292	25281.18	32957.71	9.44	0.04	2.84
1293	850813.60	49474.83	10.71	8.05	6.18
1294	40083.11	19348.36	9.66	0.05	4.35
1295	623271.80	17773.30	10.03	1.61	4.58
1296	190578.33	43461.35	9.77	0.93	4.12
1297	2403817.63	19814.05	10.00	5.12	4.50
1298	924087.60	33297.87	10.92	1.37	7.78
1299	884935.18	15868.81	9.37	0.18	4.64
1300	477681.58	15963.05	9.44	0.13	4.15
1301	428018.45	16248.41	9.46	0.54	4.30
1302	238136.49	14905.32	9.09	0.04	4.53
1303	647770.39	14751.15	9.05	0.17	5.04
1304	338448.66	15188.92	9.32	0.27	4.91
1305	434646.01	15814.99	9.49	0.16	4.76
1306	393355.37	14681.68	9.39	0.40	4.72
1307	398593.21	14424.27	9.23	0.13	4.34
1308	865639.10	15851.32	9.70	0.20	5.07
1309	494907.61	13641.94	9.45	0.15	4.80
1310	454928.82	14310.95	9.39	0.20	5.01
1311	983437.08	14241.87	9.26	0.17	5.45
1312	560717.84	21609.82	11.39	0.03	7.11
1313	222100.15	10128.48	9.62	0.05	4.62
1314	101547.71	9541.47	9.14	0.03	4.74
1315	132399.55	11094.24	9.61	0.08	4.98
1316	88612.22	12169.95	8.92	0.05	4.25
1317	85315.73	10091.54	9.53	0.10	5.09
1318	93805.88	9535.67	8.90	0.11	3.90
1319	66024.87	9153.80	8.84	0.03	3.82
1320	60488.02	9137.92	9.27	0.03	3.84
1321	122796.33	7435.43	8.69	0.08	4.49
1322	233623.76	9822.96	9.51	0.02	4.40
1323	142679.37	7631.27	9.47	0.00	4.47
1324	100430.29	9794.98	9.15	0.02	3.67
1327	38486.35	11464.66	8.58	0.00	2.32
1328	116024.91	10049.52	9.57	0.02	3.82
1330	318884.17	9917.03	10.63	0.01	4.62
1331	146640.73	16642.33	10.35	0.03	4.30
1332	83969.02	11783.73	10.31	0.00	4.24
1333	2531040.13	2525.94	7.19	0.14	2.01
1335	132174.16	5360.34	8.73	0.29	3.97
1336	166671.61	7205.97	9.11	0.03	4.20
1337	230307.47	6143.42	9.13	0.07	4.27
1338	121276.45	6371.77	9.02	0.06	3.76
1339	207584.46	6187.22	9.35	0.06	4.17
1340	103104.12	6633.65	9.83	0.15	4.31
1341	190814.62	6336.60	9.42	0.08	4.61
1342	107044.74	5486.56	7.90	0.09	4.11
1344	318035.08	8094.70	9.56	0.08	4.80
1345	153583.31	6682.38	8.24	0.07	3.85
1346	145223.95	5735.09	8.27	0.03	4.13
1347	99865.81	5337.99	8.18	0.03	3.98
1348	810155.56	11221.33	11.20	1.20	6.87
1349	1845638.72	44380.95	11.82	10.37	6.54
1350	1314605.97	36748.95	11.22	7.06	6.35
1351	627442.03	26062.03	11.07	1.22	5.79
1352	1082513.92	27257.99	11.09	3.88	6.12
1353	896254.14	29173.86	10.94	1.89	5.88
1354	1006830.72	20718.08	10.85	0.98	5.82
1355	802853.05	23525.18	11.13	2.29	5.58
1356	192180.91	21880.99	11.12	0.65	4.02
1357	347258.65	21487.42	11.17	0.58	4.80
1358	240450.51	28512.89	10.12	1.61	4.85
1359	202095.95	17288.01	9.97	0.19	4.26
1360	874445.44	22675.51	10.31	4.31	4.28
1361	398736.26	22638.00	10.43	1.34	4.05
1362	990017.95	26497.79	10.19	4.23	4.71
1363	351081.25	30641.53	10.47	0.82	4.20
1364	460616.24	27779.68	10.32	1.02	3.91
1365	1112131.93	22789.81	10.36	2.34	4.36
1366	1166245.02	38451.61	10.83	4.40	8.12
1367	1099580.41	5808.65	9.91	0.00	4.26
1369	694719.91	5677.53	9.77	0.16	4.79
1370	1718553.63	4310.82	10.59	0.06	4.57
1371	2749896.50	8354.50	10.46	0.10	4.78
1372	3721701.50	8444.28	10.30	0.08	5.25
1373	1066995.00	4644.93	9.86	0.04	4.65
1374	2319688.75	6550.25	10.58	0.15	4.58
1375	864202.56	4617.57	10.19	0.02	3.91
1376	1117275.38	5454.40	9.81	0.00	4.28
1377	2076272.00	14368.69	11.51	0.54	8.07
1380	2058324.81	4951.95	10.42	0.06	4.83
1381	2007168.50	5771.16	10.17	0.05	4.61
1383	1845659.25	5754.10	10.41	0.04	4.37
1384	1279572.31	8354.33	10.06	0.13	4.09
1385	926628.03	5603.40	9.61	0.00	4.09
1386	1058519.84	6125.26	9.91	0.05	4.06
1387	876700.25	4395.29	9.73	0.00	4.43
1388	942854.47	3576.44	10.26	0.03	4.61
1389	1236213.81	5463.42	9.70	0.09	4.13
1391	1451894.00	8923.49	10.38	0.08	4.32
1392	1131606.94	5096.60	9.85	0.10	3.89
1393	1923102.55	6138.27	10.69	0.05	2.50
1397	686042.52	2882.34	10.35	0.00	1.95
1399	1623140.57	2299.18	9.90	0.02	3.86
1400	1519395.78	7628.80	10.65	0.54	2.56
1405	3869519.26	21764.92	10.24	8.06	4.28
1406	2438553.90	26416.49	6.74	2.97	5.05
1407	839923.16	20983.40	6.40	0.80	4.74
1408	3425150.19	27085.39	7.48	4.18	5.71
1409	558095.49	23499.57	6.67	0.66	4.56
1410	1478670.47	19449.75	6.97	2.40	4.34
1411	1025816.38	2012.09	6.65	0.10	-0.07
1412	3131008.78	1654.70	5.95	0.12	1.06
1413	3822250.89	2012.07	6.62	0.10	3.45
1414	2557804.38	3213.49	7.47	0.34	3.26
1415	1667752.92	2072.67	7.17	0.05	2.53
1416	292259.91	8368.48	8.76	0.04	4.03
1417	152522.92	5445.23	8.10	0.02	4.14
1418	110518.42	5699.02	8.41	0.16	3.90
1419	257603.65	7507.47	9.02	0.10	4.30
1420	190162.44	6487.70	8.81	0.05	3.66
1421	105372.98	6026.24	9.21	0.05	4.19
1422	114409.54	6321.12	8.98	0.00	4.02
1423	488620.34	6289.98	9.24	0.21	4.80
1424	212356.30	5194.56	8.37	0.04	4.26
1427	361880.88	26933.29	8.83	0.19	4.50
1428	244824.66	25861.71	8.89	0.06	3.40
1432	6024704.45	1392.21	6.13	0.02	6.52
1442	295866.32	682.82	4.59	0.03	4.80
1443	538722.52	788.77	4.23	0.03	5.37
1444	1869573.97	743.56	5.24	0.03	5.75
1445	706844.29	662.21	4.98	0.00	4.77
1448	1809739.14	10459.84	10.06	0.50	0.85
1449	2744220.86	10745.88	9.43	0.22	2.86
1450	1821707.81	45324.74	11.15	0.07	-0.51
1451	3221686.43	14998.50	10.68	0.30	0.70
1452	2392457.55	9837.85	9.99	0.23	1.21
1453	1342791.65	6185.80	9.37	0.00	1.29
1454	354818.34	11778.70	11.34	0.12	-0.24
1456	530841.40	2217.51	10.08	0.05	3.83
1457	3127814.48	23315.59	7.26	10.71	4.72
1458	1948927.15	23028.85	12.82	6.80	5.02
1460	941476.57	2273.48		0.00	2.22
1466	1736918.56	1242.36		0.05	4.31
1471	966764.32	1337.90	2.74	0.03	4.59
1477	73361.33	2321.76	4.23	0.03	4.45
1480	293907.16	6421.43	4.63	0.05	5.89
1483	793559.81	7767.94	6.23	0.03	7.39
1484	128926.71	2891.25	2.25	0.06	4.86
1486	214528.45	4485.02	3.64	0.03	5.30
1489	1068161.38	8068.20	6.26	0.56	7.36
1490	146654.11	2485.83	3.89	0.03	3.60
1491	35218736.85	1591.66	2.60	2.40	5.49
1492	24024597.69	1677.63	3.16	3.10	5.48
1493	426174.24	2994.12	4.39	0.02	7.31
1494	3097700.80	16521.87	7.04	0.02	8.24
1495	290330.05	7156.79	3.08	0.06	4.67
1496	382212.21	3913.97	3.23	0.00	4.96
1497	445607.98	16671.08	5.21	0.08	6.77
1498	167953.67	18257.40	3.74	0.03	5.81
1499	9164701.98	2349.29	5.83	0.12	5.32
1500	1955592.77	1112.44	5.23	0.04	5.38
1502	6464205.50	1058.62	5.41	0.15	3.69
1506	404962.49	3610.42	2.85	0.00	4.17
1507	144631.92	22650.52	8.59	0.07	2.62
1508	93700.55	23026.93	8.31	0.03	2.26
1509	573955.70	23241.30	8.70	0.15	3.90
1510	875882.62	19397.84	8.25	0.19	5.45
1511	303275.79	24511.36	8.37	0.08	4.24
1513	4220843.66	26027.63	7.20	6.20	5.78
1514	7767816.55	26790.12	7.22	21.06	5.79
1515	4377336.91	27665.80	7.89	30.31	5.64
1516	12055210.27	39105.08	9.04	50.38	6.59
1518	1058512.52	21114.09	6.47	2.08	4.36
1519	2287458.02	22252.31	6.98	2.58	4.56
1520	1161923.38	20394.50	6.65	4.13	4.13
1521	1966813.44	22844.60	7.15	5.29	4.21
1522	1708239.80	21280.51	7.31	4.24	3.99
1523	3546263.96	3377.01	2.99	0.07	5.19
1524	2659718.71	1863.25	1.61	0.03	4.56
1525	1814454.20	1595.44	1.93	0.00	4.29
1526	3504702.68	2597.29	2.54	0.06	5.22
1527	1800817.65	2848.68	1.68	0.00	3.07
1528	1121475.22	1879.71	2.30	0.13	3.44
1536	7992152.98	1317.91	3.94	0.03	7.53
1540	1656773.98	667.99	2.48	0.00	6.76
1546	2390210.08	722.06	2.70	0.03	6.79
1547	3740072.04	705.72	2.68	0.03	6.56
1549	3937494.62	717.93	2.07	0.03	6.34
