region,technology,firms,t_9,t_8,t_7,t_6,t_5,t_4,t_3,t_2,t_1,t0,t1,t2,t3,t4,t5,t6,t7,t8,t9,t10,err_9_up,err_8_up,err_7_up,err_6_up,err_5_up,err_4_up,err_3_up,err_2_up,err_1_up,err0_up,err1_up,err2_up,err3_up,err4_up,err5_up,err6_up,err7_up,err8_up,err9_up,err10_up,err_9_down,err_8_down,err_7_down,err_6_down,err_5_down,err_4_down,err_3_down,err_2_down,err_1_down,err0_down,err1_down,err2_down,err3_down,err4_down,err5_down,err6_down,err7_down,err8_down,err9_down,err10_down
All regions,All technologies,All firms,-0.012909472,0.005975687,-0.00718016,0.009352055,0.01793493,0.009390654,0.029413588,0.015615228,0.018142879,0.025102917,0.080694906,0.10027805,0.12654829,0.16753173,0.12829199,0.14879027,0.16192082,0.15743749,0.18813613,0.18568102,0.012682367,0.032275248,0.018103305,0.036319047,0.045372229,0.037384465,0.060126584,0.044249535,0.048144899,0.057191133,0.11458459,0.1368517,0.1642326,0.20701182,0.16957507,0.19072932,0.2062321,0.20502226,0.23691376,0.23489656,-0.038501311,-0.020323873,-0.032463625,-0.017614935,-0.009502369,-0.018603157,-0.001299408,-0.013019079,-0.011859141,-0.006985298,0.046805222,0.063704401,0.088863999,0.12805162,0.087008931,0.10685121,0.11760952,0.10985271,0.13935849,0.13646546
All regions,All technologies,All firms,-0.012909472,0.005975687,-0.00718016,0.009352055,0.01793493,0.009390654,0.029413588,0.015615228,0.018142879,0.025102917,0.080694906,0.10027805,0.12654829,0.16753173,0.12829199,0.14879027,0.16192082,0.15743749,0.18813613,0.18568102,0.012682367,0.032275248,0.018103305,0.036319047,0.045372229,0.037384465,0.060126584,0.044249535,0.048144899,0.057191133,0.11458459,0.1368517,0.1642326,0.20701182,0.16957507,0.19072932,0.2062321,0.20502226,0.23691376,0.23489656,-0.038501311,-0.020323873,-0.032463625,-0.017614935,-0.009502369,-0.018603157,-0.001299408,-0.013019079,-0.011859141,-0.006985298,0.046805222,0.063704401,0.088863999,0.12805162,0.087008931,0.10685121,0.11760952,0.10985271,0.13935849,0.13646546
All regions,Chemical,All firms,-0.025048206,0.013097456,-0.020284729,-0.022834588,-0.041778836,-0.011472043,0.02064159,0.022023605,-0.01960763,0.00659083,0.057168663,0.061989911,0.094931401,0.14417504,0.14097565,0.050841544,0.11154152,0.10936522,0.079107955,0.047923204,0.034903035,0.07231731,0.038447946,0.04073146,0.016827485,0.060621139,0.084247708,0.090420797,0.043707035,0.082839496,0.1374805,0.14368124,0.17859243,0.22510299,0.22411481,0.13544737,0.20335759,0.20473744,0.17175293,0.13919289,-0.08499945,-0.046122402,-0.079017408,-0.086400636,-0.10038516,-0.08356522,-0.042964529,-0.046373583,-0.082922295,-0.069657832,-0.02314317,-0.019701412,0.011270369,0.063247085,0.057836507,-0.033764284,0.019725442,0.013993007,-0.013537026,-0.043346487
All regions,Computers & Communications,All firms,-0.006547663,-0.013332294,-0.01587739,0.014723773,0.009794826,-0.003530418,-0.009139326,-0.02433024,0.00066529,0.004500332,0.059614096,0.11007119,0.13767144,0.17047974,0.12263396,0.16183786,0.19709605,0.16276141,0.29114023,0.28418258,0.034231547,0.030051243,0.026454473,0.064216457,0.064230084,0.040163819,0.043037239,0.032430936,0.05930258,0.074943312,0.13050419,0.19127643,0.23160616,0.26912466,0.22907554,0.27075896,0.31322122,0.29181606,0.42132857,0.42434898,-0.04732687,-0.056715831,-0.058209252,-0.034768913,-0.044640429,-0.047224656,-0.06131589,-0.081091411,-0.057971999,-0.065942653,-0.011275991,0.028865943,0.04373673,0.07183481,0.016192399,0.05291678,0.080970891,0.033706762,0.1609519,0.14401618
All regions,Drugs & Medical,All firms,-0.01651307,-0.016061649,0.002747481,0.009507668,0.003768276,0.009267523,0.070325337,0.06591811,0.018011965,0.061150074,0.13698164,0.10920189,0.24477573,0.24299528,0.17336476,0.2592915,0.27795422,0.25985458,0.30966133,0.33707321,0.039966032,0.03118808,0.053532481,0.063892782,0.050749354,0.06569925,0.13707812,0.13250589,0.087335989,0.12720346,0.21435389,0.1946391,0.33930841,0.34282866,0.28290379,0.37609819,0.40171564,0.38906503,0.44948435,0.46974444,-0.072992168,-0.063311376,-0.048037518,-0.044877443,-0.043212801,-0.047164202,0.003572546,-0.000669661,-0.051312063,-0.004903315,0.059609395,0.023764689,0.15024306,0.14316191,0.063825741,0.1424848,0.15419281,0.13064413,0.16983829,0.20440196
All regions,Electrical & Electronic,All firms,-0.046858471,-0.001661115,0.000384729,0.008806451,0.005961634,-0.030029465,0.004956875,0.034181211,0.032173187,0.038610458,0.096114725,0.071188092,0.12948313,0.18595043,0.16583189,0.17277756,0.14779696,0.1928023,0.21029733,0.20027322,0.012793788,0.067191444,0.064650707,0.079419211,0.07458996,0.028142678,0.075831138,0.10212451,0.099109061,0.11278845,0.17457832,0.15675393,0.21358176,0.27643037,0.26143,0.27577356,0.25091818,0.31022274,0.33105218,0.32193148,-0.10651073,-0.070513673,-0.063881256,-0.06180631,-0.062666699,-0.088201605,-0.065917388,-0.033762094,-0.034762688,-0.035567529,0.017651128,-0.014377745,0.045384515,0.09547051,0.070233814,0.069781549,0.044675741,0.075381868,0.089542456,0.07861495
All regions,Mechanical,All firms,-0.066014551,0.073071331,-0.054244407,0.01773891,0.026544522,0.046692148,0.006413777,-0.006346074,-0.067671217,0.061265815,0.072540723,0.15039061,0.04185091,0.18384425,0.056425005,0.16727017,0.15578865,0.05079424,0.036093418,0.12726654,0.026108991,0.17604229,0.039961681,0.10760996,0.1279102,0.15308684,0.12480547,0.093070596,0.03268186,0.17110267,0.19756076,0.27707165,0.16296113,0.3188431,0.19517037,0.29490191,0.29933715,0.19958401,0.18101166,0.26230055,-0.1581381,-0.029899631,-0.14845049,-0.07213214,-0.074821159,-0.059702542,-0.11197791,-0.10576274,-0.1680243,-0.04857105,-0.052479301,0.023709578,-0.079259314,0.048845407,-0.082320355,0.039638422,0.01224014,-0.097995527,-0.10882482,-0.007767456
All regions,Others,All firms,0.058426823,0.002007754,0.02639037,0.026865229,0.093493931,0.05508988,0.081999533,0.01120849,0.10720047,0.001030811,0.07438045,0.11418219,0.11447642,0.11062615,0.10303809,0.1096601,0.11093508,0.15870321,0.17522933,0.13327175,0.12611938,0.066848248,0.089033,0.094810955,0.16350438,0.13120826,0.16393065,0.080101177,0.18918481,0.079193838,0.15124033,0.19829939,0.19698989,0.19683543,0.1871669,0.18925278,0.19234233,0.24022867,0.25908622,0.2163572,-0.00926573,-0.062832735,-0.03625226,-0.041080497,0.023483476,-0.021028508,6.84011E-05,-0.057684198,0.025216136,-0.077132218,-0.002479438,0.030064981,0.03196295,0.02441687,0.018909285,0.030067408,0.029527832,0.077177756,0.09137243,0.050186295
Western Europe,All technologies,All firms,0.001255216,0.02287315,0.013496615,0.027933588,0.039351542,0.038692579,0.052436203,0.041727819,0.055652719,0.053161986,0.10707445,0.1339111,0.1549813,0.19345589,0.14505127,0.15359013,0.16279559,0.16075473,0.22065794,0.18876547,0.034122892,0.055862527,0.045150626,0.061679281,0.07475578,0.075923197,0.091979273,0.079049028,0.094942369,0.093632355,0.1495218,0.18049486,0.20148382,0.24244815,0.19514626,0.20477168,0.21641345,0.21767652,0.28040719,0.24803495,-0.031612456,-0.010116229,-0.018157396,-0.005812107,0.003947306,0.001461967,0.012893132,0.004406607,0.016363069,0.012691617,0.064627104,0.087327339,0.10847878,0.14446361,0.094956271,0.10240857,0.10917773,0.10383293,0.16090868,0.12949596
Western Europe,Chemical,All firms,-0.015379589,0.011241776,-0.008801013,-0.013546717,-0.033436093,-0.012354798,0.039332557,0.022448283,-0.01674057,-0.001142762,0.035635594,0.043308657,0.050853815,0.14395967,0.11360154,0.012902062,0.052534532,0.070977643,0.043207154,0.003901562,0.064128458,0.086215697,0.069498688,0.070417345,0.045230374,0.083190821,0.12056781,0.11209213,0.066256613,0.09249077,0.13345928,0.14282343,0.15520456,0.24588531,0.22286364,0.11606572,0.16235577,0.18532057,0.15720767,0.11898381,-0.094887637,-0.06373214,-0.087100714,-0.097510785,-0.11210256,-0.10790042,-0.041902695,-0.067195565,-0.099737756,-0.094776295,-0.0621881,-0.056206122,-0.053496938,0.042034019,0.004339439,-0.090261593,-0.057286706,-0.043365281,-0.07079336,-0.11118069
Western Europe,Computers & Communications,All firms,0.005793227,0.015530579,-0.002242747,0.023500443,0.046379305,0.039367743,0.042926062,0.018921526,0.041320279,0.065407075,0.12983139,0.15578501,0.18724364,0.20966208,0.11879922,0.20163344,0.17481025,0.1273343,0.34020242,0.29271013,0.040986888,0.054046322,0.038787778,0.073936701,0.10839581,0.095803998,0.1044457,0.083578117,0.10826486,0.15362166,0.21448086,0.25516906,0.29164946,0.32068712,0.23679778,0.32729447,0.30113569,0.27036691,0.48699179,0.45316362,-0.029400432,-0.022985164,-0.04327327,-0.026935814,-0.015637202,-0.017068516,-0.018593581,-0.045735065,-0.025624299,-0.022807498,0.045181919,0.056400947,0.08283782,0.098637044,0.000800674,0.075972401,0.048484806,-0.015698325,0.19341306,0.13225661
Western Europe,Drugs & Medical,All firms,-0.033962063,-0.020300377,-0.016329827,-0.017498726,-0.007221655,-0.007772435,0.050152842,0.069196142,0.001871501,0.041257128,0.093373597,0.10422964,0.2367788,0.21030721,0.07400424,0.13359229,0.17346156,0.21154694,0.29321471,0.27677587,0.043645531,0.048844602,0.050431252,0.047792308,0.051541418,0.063691579,0.12822022,0.15243985,0.090592004,0.12655848,0.18584521,0.21693891,0.34824517,0.3301864,0.19112788,0.25929356,0.31678241,0.36013716,0.46770656,0.44330552,-0.11156966,-0.089445353,-0.083090909,-0.082789756,-0.065984726,-0.079236448,-0.027914528,-0.014047567,-0.086849004,-0.044044223,0.000901971,-0.008479628,0.1253124,0.09042801,-0.043119412,0.007891038,0.030140713,0.062956721,0.11872287,0.1102462
Western Europe,Electrical & Electronic,All firms,-0.023910927,0.026272066,0.035743557,0.041539248,0.042042028,0.013092682,0.025533916,0.10056372,0.10219681,0.081575245,0.14846107,0.10163428,0.18994953,0.26862967,0.2650857,0.23729752,0.22569394,0.26331702,0.26782566,0.26323178,0.055793025,0.11718761,0.11720212,0.13471965,0.1341081,0.092503548,0.12094905,0.19390906,0.19605851,0.18231718,0.25397491,0.21595211,0.30088821,0.39239162,0.39124188,0.37411517,0.36624345,0.41425905,0.42782864,0.41833782,-0.10361487,-0.06464348,-0.045715008,-0.051641155,-0.050024047,-0.066318184,-0.069881223,0.007218377,0.008335108,-0.019166697,0.04294724,-0.01268356,0.079010829,0.14486769,0.13892953,0.10047986,0.085144438,0.11237501,0.10782269,0.10812576
Western Europe,Mechanical,All firms,-0.074395418,0.078295968,-0.080132782,0.067175463,0.023812477,0.084096886,-0.028538341,0.004350388,-0.078853376,0.09709844,0.085261591,0.18318129,0.037634458,0.20399453,0.10379597,0.24680652,0.204248,0.070947826,0.079517543,0.13570718,0.054524135,0.22882178,0.043381799,0.18516523,0.16369534,0.24078143,0.13105811,0.14536434,0.063119896,0.24222042,0.25520822,0.35440937,0.20701224,0.37780637,0.29054239,0.41856328,0.39694169,0.26844341,0.27027136,0.30635154,-0.20331497,-0.072229847,-0.20364736,-0.050814301,-0.11607038,-0.072587647,-0.18813479,-0.13666357,-0.22082664,-0.048023537,-0.084685028,0.011953218,-0.13174331,0.030182691,-0.08295045,0.075049758,0.011554287,-0.12654775,-0.11123629,-0.034937173
Western Europe,Others,All firms,0.08864519,0.037494324,0.089909725,0.059994299,0.12430484,0.10167347,0.13417795,0.034850501,0.18491633,0.04634184,0.12777548,0.20122887,0.19111699,0.14534608,0.15813179,0.11136346,0.15719478,0.1916786,0.24755129,0.16060777,0.17203562,0.11126781,0.16663677,0.14248291,0.20957829,0.19417426,0.23622531,0.12222384,0.28569829,0.13843068,0.21882538,0.30400971,0.29080668,0.25185102,0.25771728,0.20725559,0.25620434,0.29001695,0.35140076,0.25818786,0.005254761,-0.036279161,0.013182684,-0.022494316,0.039031394,0.009172676,0.032130599,-0.052522838,0.084134363,-0.045747008,0.036725558,0.09844806,0.091427296,0.038841125,0.058546279,0.015471322,0.058185209,0.09334027,0.14370182,0.063027687
Eastern Europe,All technologies,All firms,-0.040636148,-0.060792804,-0.007787181,-0.042537864,-0.015413479,-0.072355643,-0.023481775,-0.060374804,-0.04493155,-0.15891673,-0.071516111,-0.1604498,-0.14686264,-0.18605629,-0.23991643,-0.13331287,-0.12845211,-0.31443068,-0.16868423,-0.017665872,0.058122028,0.063251071,0.066340953,0.045057677,0.054601517,0.034909565,0.017424747,0.054993059,0.10381955,0.00670197,0.076407112,0.03071228,0.09950944,-0.013439299,0.010952236,0.15965658,0.040906653,-0.032454047,0.054292921,0.15194418,-0.13939433,-0.18483667,-0.081915312,-0.13013341,-0.085428476,-0.17962085,-0.064388297,-0.17574267,-0.19368264,-0.3245354,-0.21943933,-0.35161188,-0.3932347,-0.35867327,-0.49078509,-0.42628232,-0.29781085,-0.59640729,-0.39166138,-0.18727593
Eastern Europe,Chemical,All firms,-0.3214485,0.15628628,-0.064057112,0.15628628,0.15628628,-0.26648921,-0.03333525,-0.2203434,-0.28480902,-0.20462258,0.099345058,0.14827782,-0.084319629,-0.40470347,0.035983328,0.18129934,0.15628628,-0.12161275,0.25563136,-0.017000511,1.1208718,0.68481898,0.98340458,0.68481898,0.68481898,1.0941991,0.079398707,0.5248192,0.67836505,1.2783141,0.29331601,0.84653515,0.37756297,0.53128219,0.80293953,1.1489949,0.68481898,1.141616,0.7012676,0.8936376,-1.7637688,-0.37224644,-1.1115189,-0.37224644,-0.37224644,-1.6271775,-0.14606921,-0.96550602,-1.2479831,-1.6875592,-0.094625875,-0.54997951,-0.54620224,-1.3406891,-0.73097289,-0.78639621,-0.37224644,-1.3848416,-0.19000493,-0.92763865
Eastern Europe,Computers & Communications,All firms,0.000506374,0.001768733,0.00175465,-0.005798131,-0.007849841,-0.056758814,-0.018844444,-0.2053045,-0.14101791,-0.30358526,-0.37084877,-0.34936893,-0.47130439,-0.47323784,-0.51962227,-0.52319151,-0.24455936,-0.64661974,-0.26819935,0.089074463,0.005623241,0.012404948,0.015228835,0.035479058,0.042330824,0.057958253,0.089638487,0.1454566,0.10498865,0.19043422,0.20216483,0.29060543,0.38930425,0.12189688,0.22852509,0.17100078,0.3131268,-0.14956985,0.30626667,0.44612622,-0.004610492,-0.008867484,-0.011719535,-0.04707532,-0.058030508,-0.17147587,-0.12732738,-0.55606562,-0.38702449,-0.79760474,-0.94386238,-0.98934329,-1.331913,-1.0683726,-1.2677697,-1.2173837,-0.80224556,-1.1436696,-0.84266537,-0.26797733
Eastern Europe,Drugs & Medical,All firms,-3.85361E-05,0.005413829,0.00060862,0.00443353,-0.030187042,-0.001348465,-0.005082654,0.15469776,0.28537053,-0.015339786,0.17053625,0.006898972,0.23131676,0.008576489,0.16299056,0.40345812,-0.032939106,0.19402564,0.085960694,-0.076367438,0.006774876,0.042871349,0.017636014,0.033179548,0.053083103,0.016293893,0.03327306,0.50324112,0.91297561,0.087369159,0.34765986,0.063110858,0.73671842,0.41669062,0.68476737,1.2674731,0.067198493,1.1797184,0.72344357,0.17840976,-0.006851948,-0.032043688,-0.016418774,-0.024312487,-0.11345719,-0.018990824,-0.043438368,-0.1938456,-0.34223455,-0.11804873,-0.006587363,-0.049312912,-0.2740849,-0.39953765,-0.35878623,-0.46055692,-0.1330767,-0.79166704,-0.5515222,-0.33114463
Eastern Europe,Electrical & Electronic,All firms,-0.003599845,0.006636675,0.004408681,-0.07378377,-0.16365451,0.027147036,0.006273198,0.016667133,0.022157684,0.008112066,-0.01276048,-0.11923937,-0.020769006,-0.008066583,-0.60785198,-0.53630799,-0.17433076,-0.60697889,-0.41745242,0.22365451,0.035946291,0.080299377,0.077341989,0.15929818,0.4060297,0.2828688,0.075360849,0.20339687,0.35068682,0.078877807,0.29784942,0.34922996,0.28337815,0.075306885,0.73758912,1.0783054,0.338577,0.59855735,0.83649814,0.92261392,-0.043145981,-0.067026027,-0.068524629,-0.30686572,-0.73333871,-0.22857472,-0.062814452,-0.1700626,-0.30637145,-0.062653668,-0.32337037,-0.58770871,-0.32491615,-0.091440052,-1.9532931,-2.1509213,-0.68723851,-1.8125151,-1.6714031,-0.47530487
Eastern Europe,Mechanical,All firms,0,0,0,0,0,0,0,0,0,0,0,0,0,0,0,0,0,0,0,0,0,0,0,0,0,0,0,0,0,0,0,0,0,0,0,0,0,0,0,0,0,0,0,0,0,0,0,0,0,0,0,0,0,0,0,0,0,0,0,0
Eastern Europe,Others,All firms,-7.14E-15,-0.35997602,-0.001654371,-0.24067985,0.017841112,-0.13590363,-0.046329018,-0.043796461,-0.11670615,-0.24624482,-0.055404555,-0.29669955,-0.26000938,-0.057551168,-0.23431307,-0.01950739,-0.25448325,-0.33385405,-0.37918264,-0.26911873,0.27422774,0.19864887,0.11602975,0.16275349,0.18763557,0.21470563,0.18148789,0.10735168,0.23604855,0.097885899,0.20077838,0.20630825,0.20850234,0.1257637,0.17175369,0.18066542,0.1761286,0.37596655,0.23895414,0.18774922,-0.27422774,-0.91860092,-0.11933849,-0.64411318,-0.15195335,-0.4865129,-0.27414593,-0.19494461,-0.46946084,-0.59037554,-0.31158748,-0.79970735,-0.72852111,-0.24086604,-0.64037985,-0.2196802,-0.68509513,-1.0436746,-0.9973194,-0.72598666
Latin America,All technologies,All firms,0.008617071,-0.001127589,-0.015253166,-0.03139564,-0.015851542,-0.000778265,-0.012439897,-0.024217298,-0.032255542,0.014917988,0.032973144,-0.032918982,0.030111769,0.08787901,0.03836621,0.090851218,0.21617068,0.16158807,0.12944001,0.21402448,0.052899193,0.064186364,0.013698907,0.008529412,0.013251886,0.008472262,0.017010691,0.019015163,0.026467491,0.086579025,0.093085036,0.020186989,0.11813533,0.20270474,0.15411223,0.19825421,0.38051066,0.3325136,0.30498856,0.38799676,-0.03566505,-0.066441543,-0.044205237,-0.071320698,-0.04495497,-0.010028792,-0.041890487,-0.067449763,-0.090978578,-0.056743048,-0.027138747,-0.086024955,-0.057911783,-0.026946723,-0.077379823,-0.016551778,0.051830709,-0.009337433,-0.046108566,0.040052228
Latin America,Chemical,All firms,0.001339533,0.075397149,0.001285197,-0.015770691,0.001439001,-0.000676885,-0.007166437,-0.0073802,-0.079767622,0.001815077,-0.051951926,-0.075429238,0.24929336,0.16524829,0.080289997,0.078709751,0.21811169,0.28258958,0.058241639,0.14738345,0.028839486,0.23302843,0.029033842,0.048798621,0.029643871,0.021516664,0.030023308,0.040921036,0.081068262,0.161863,0.058467653,0.13683152,0.47699717,0.47383234,0.36323491,0.27625886,0.66828495,0.73696262,0.42177778,0.50610757,-0.026160419,-0.082234122,-0.026463449,-0.080340005,-0.026765868,-0.022870433,-0.044356182,-0.055681434,-0.24060351,-0.15823284,-0.1623715,-0.28768998,0.021589546,-0.14333576,-0.2026549,-0.11883936,-0.23206156,-0.17178348,-0.30529451,-0.21134062
Latin America,Computers & Communications,All firms,-6.84E-16,-6.30E-16,-5.24E-16,-3.96E-16,-2.79E-16,-2.02E-16,2.46E-16,2.52E-16,3.15E-16,3.00E-16,2.96E-16,2.90E-16,5.47E-16,-0.013978333,0.16045523,5.23E-16,0.21418686,0.16637236,0.25232935,0.21706058,0.010126241,0.014814143,0.017871348,0.022423364,0.019944508,0.037200082,0.058311392,0.055115692,0.049998667,0.03645895,0.057298206,0.044081435,0.06339097,0.11218484,0.40805855,0.094844349,0.62482041,0.6468395,0.5966875,0.55424637,-0.010126241,-0.014814143,-0.017871348,-0.022423364,-0.019944508,-0.037200082,-0.058311392,-0.055115692,-0.049998667,-0.03645895,-0.057298206,-0.044081435,-0.06339097,-0.14014152,-0.0871481,-0.094844349,-0.19644672,-0.31409478,-0.092028797,-0.12012521
Latin America,Drugs & Medical,All firms,0.000553632,-0.000329623,-0.000942159,-0.000660941,-5.73E-06,-0.001345291,-0.001961422,-0.003707982,-0.002579671,-0.004638728,0.083422132,-0.006128275,0.063418403,0.19087847,0.19979341,0.15962091,0.33386612,0.15451375,0.35184938,0.48888552,0.005990743,0.010299101,0.01186135,0.011743953,0.011853036,0.012199744,0.01042345,0.020813851,0.017738348,0.025764707,0.24755926,0.037745122,0.17368746,0.46720904,0.48335379,0.48348039,0.76809514,0.54629499,0.73751765,0.88114995,-0.00488348,-0.010958348,-0.013745667,-0.013065834,-0.011864504,-0.014890325,-0.014346293,-0.028229814,-0.022897689,-0.035042163,-0.080715008,-0.050001673,-0.046850663,-0.08545211,-0.083766967,-0.16423856,-0.10036287,-0.23726749,-0.033818927,0.096621096
Latin America,Electrical & Electronic,All firms,-0.000883922,0.000435318,0.000947399,0.00028203,0.000334024,0.000358075,0.03358363,-1.81E-06,0.008822712,0.10970485,0.055862807,0.010689714,-0.10945495,0.15047067,-0.016797101,-0.058604348,0.15717939,0.084492974,0.127701,0.24539581,0.012343127,0.019131467,0.02368727,0.047478471,0.040289667,0.052304421,0.098608926,0.034094151,0.081468321,0.33843803,0.20737104,0.0809488,0.28254491,0.60226274,0.080412067,0.33618054,0.50222152,0.60008126,0.88964409,0.94463414,-0.014110972,-0.018260831,-0.02179247,-0.04691441,-0.039621621,-0.051588271,-0.031441662,-0.03409778,-0.063822895,-0.11902832,-0.095645428,-0.05956937,-0.50145483,-0.30132142,-0.11400627,-0.45338923,-0.18786275,-0.4310953,-0.63424212,-0.45384249
Latin America,Mechanical,All firms,-0.080032349,0.11245237,-0.17627472,-0.17627472,-0.17627472,-5.87E-15,-0.17627472,-0.17627472,-0.17627472,-0.35254943,0.20750457,-0.17627472,-5.50E-15,-0.31936851,-0.41808045,0.096242368,0.11078469,0.096242368,-0.32797194,-0.014542321,0.42037147,0.37726229,0.22137249,0.22991548,0.2126697,0.29329374,0.26155573,0.27462882,0.22762471,0.1414769,0.82256585,0.24077307,0.19913729,0.3963891,0.27872574,0.3731373,0.43503359,0.45517263,0.21637641,0.36329973,-0.58043617,-0.15235755,-0.57392192,-0.58246493,-0.5652191,-0.29329374,-0.61410517,-0.62717825,-0.58017415,-0.84657574,-0.40755668,-0.59332252,-0.19913729,-1.0351261,-1.1148866,-0.18065257,-0.21346422,-0.26268789,-0.87232029,-0.39238438
Latin America,Others,All firms,0.097930402,-0.19291973,4.35E-16,-0.097930402,3.73E-16,3.92E-16,6.01E-16,-0.04446242,-7.47E-16,0.1958608,7.19E-16,1.26E-15,-0.16841997,0.097930402,-0.16996229,0.2226028,0.097930402,0.096956849,-0.045554459,-0.074309379,0.347893,0.17514949,0.069806635,0.095356002,0.096234687,0.057517547,0.075884648,0.20228012,0.28127244,0.46521854,0.071127191,0.070348881,0.1826202,0.33424693,0.18165375,0.50492591,0.30466709,0.24641635,0.2564069,0.32606286,-0.15203221,-0.56098896,-0.069806635,-0.29121679,-0.096234687,-0.057517547,-0.075884648,-0.29120496,-0.28127244,-0.07349696,-0.071127191,-0.070348881,-0.51946014,-0.13838613,-0.52157831,-0.059720278,-0.10880628,-0.052502662,-0.34751582,-0.47468162
East Asia,All technologies,All firms,0.028688893,-0.015978198,-0.014741176,0.011676067,0.023086371,0.00250093,0.005673082,0.081059486,0.013208353,0.064335041,0.14377131,0.28612453,0.3345314,0.36250883,0.37264305,0.34213653,0.51950377,0.57443523,0.56577432,0.62901205,0.084760256,0.021088082,0.022837657,0.07969474,0.083304785,0.070899799,0.070251904,0.16260643,0.068406135,0.15925317,0.28447676,0.4199909,0.53471118,0.55540514,0.61136603,0.59224212,0.81032223,0.8884545,0.88452578,0.97553235,-0.027382473,-0.053044479,-0.052320007,-0.056342602,-0.037132047,-0.065897942,-0.058905739,-0.000487461,-0.041989427,-0.030583085,0.003065871,0.15225814,0.1343516,0.16961254,0.13392012,0.09203095,0.2286853,0.26041597,0.24702288,0.28249174
East Asia,Chemical,All firms,0.001911437,-0.07707601,-0.07940799,-0.08062724,-0.081432477,-0.072212458,-0.039144732,-0.000537842,-0.001027699,-0.077163473,0.10554282,0.34211007,0.37814957,0.20832701,0.082894981,0.18250582,0.3918739,0.15147506,0.35598388,0.20365536,0.050611835,0.099426679,0.11032719,0.12261528,0.10961936,0.11199515,0.16951592,0.24983838,0.037669938,0.10501754,0.49720716,0.66511321,0.74085474,0.43459111,0.35046753,0.54955304,0.79074717,0.54737955,0.74010974,0.64347529,-0.046788961,-0.25357869,-0.26914316,-0.28386974,-0.27248433,-0.25642008,-0.24780539,-0.25091407,-0.039725333,-0.25934449,-0.28612152,0.01910693,0.015444404,-0.017937103,-0.18467757,-0.18454137,-0.006999385,-0.24442947,-0.028141946,-0.23616454
East Asia,Computers & Communications,All firms,0.16040394,-2.77E-14,-2.92E-14,0.16040394,0.097930402,-0.097930402,-3.16E-14,0.16181003,0.071936809,0.14264396,0.3019416,0.58910626,0.90948319,1.1905859,1.188435,1.0225582,1.5010015,1.6070626,1.6711414,1.9026453,0.4799957,0.16479908,0.13851367,0.55368346,0.34282902,0.18061648,0.25062516,0.41168711,0.46700361,0.51932818,0.73988581,1.1102015,1.8256584,1.9868793,2.1559918,2.0460963,2.6480024,2.784781,2.8307145,3.0386524,-0.15918781,-0.16479908,-0.13851367,-0.23287556,-0.1469682,-0.37647727,-0.25062516,-0.088067062,-0.32312998,-0.23404026,-0.13600263,0.068011068,-0.006692068,0.39429244,0.22087806,-0.000979828,0.35400057,0.42934427,0.51156837,0.76663828
East Asia,Drugs & Medical,All firms,-3.26E-14,-3.28E-14,-3.27E-14,-3.31E-14,-3.38E-14,-3.37E-14,-3.30E-14,-3.39E-14,-3.37E-14,-3.42E-14,0.51671934,0.32080787,0.4463928,0.35494295,0.48121181,0.2937912,0.45550507,0.89792013,1.1367755,0.72263998,0.050438773,0.37999415,0.076304927,0.23993553,0.13376786,0.039611571,0.50341272,0.040104125,0.38680759,0.39674827,1.8022232,0.72592211,1.5842445,1.2639185,1.6632787,1.1952057,1.5607828,2.3824444,2.8077471,2.5540147,-0.050438773,-0.37999415,-0.076304927,-0.23993553,-0.13376786,-0.039611571,-0.50341272,-0.040104125,-0.38680759,-0.39674827,-0.76878458,-0.084306329,-0.69145888,-0.55403262,-0.70085508,-0.60762328,-0.6497727,-0.58660394,-0.53419602,-1.1087348
East Asia,Electrical & Electronic,All firms,0.003476176,-0.000340946,0.002945365,0.000307525,0.096226364,-0.00017165,0.01785117,0.1171011,-0.000620905,0.12201897,0.042443119,0.10029183,0.20937316,0.22621915,0.25327745,0.3728219,0.28135309,0.49876928,0.38536498,0.49550968,0.034725342,0.007366081,0.03322443,0.028601125,0.25916943,0.028552655,0.06488996,0.28462568,0.021651376,0.379581,0.12539059,0.26300976,0.51961881,0.45551598,0.64735794,0.9288395,0.80532849,1.1277344,1.0691503,1.2816529,-0.027772993,-0.008047973,-0.027333701,-0.027986074,-0.066716686,-0.028895956,-0.029187622,-0.050423469,-0.022893187,-0.13554305,-0.040504348,-0.062426098,-0.10087247,-0.003077684,-0.14080305,-0.18319571,-0.24262233,-0.13019583,-0.29842037,-0.29063356
East Asia,Mechanical,All firms,-3.82E-15,-3.79E-15,-4.01E-15,-3.83E-15,-4.16E-15,0.088137358,0.048121184,0.13625854,-3.39E-15,0.14715172,0.088137358,0.24456078,0.032745015,0.17627472,0.28823301,-0.038644064,0.36574447,0.22268777,0.28377578,0.2896117,0.052437376,0.055902407,0.044078108,0.032971583,0.050041944,0.27707472,0.32622442,0.34400627,0.051469214,0.36502188,0.2798489,0.52293324,0.11179288,0.42921385,0.67861938,0.17241539,0.76708996,0.64825672,0.70632344,0.78677422,-0.052437376,-0.055902407,-0.044078108,-0.032971583,-0.050041944,-0.1008,-0.22998203,-0.0714892,-0.051469214,-0.070718437,-0.10357417,-0.033811677,-0.046302848,-0.076664425,-0.10215332,-0.24970353,-0.035600994,-0.20288116,-0.13877194,-0.20755081
East Asia,Others,All firms,-3.83E-15,-3.93E-15,-4.16E-15,-4.30E-15,-4.19E-15,0.12591051,-4.10E-15,-4.35E-15,-4.25E-15,-4.01E-15,0.082245737,0.17068046,0.12591051,0.057165965,0.061056733,0.25182101,0.12162238,0.42104095,-0.046778593,0.39382431,0.067045733,0.073369272,0.070128016,0.053279635,0.084149227,0.3780522,0.13885288,0.060780752,0.08787971,0.13655066,0.71798497,0.53684008,0.38599995,0.39093068,0.44573328,0.59916526,0.38654733,1.0568699,0.087742545,0.98497343,-0.067045733,-0.073369272,-0.070128016,-0.053279635,-0.084149227,-0.12623118,-0.13885288,-0.060780752,-0.08787971,-0.13655066,-0.5534935,-0.19547917,-0.13417894,-0.27659875,-0.32361981,-0.095523193,-0.14330256,-0.21478796,-0.18129973,-0.19732483
South Asia,All technologies,All firms,4.71E-15,4.81E-15,0.088137358,4.16E-15,4.30E-15,4.39E-15,0.088137358,0.14436355,0.088137358,0.14436355,0.20761369,1.49E-09,0.35972637,0.40320364,0.40008405,0.58552963,0.56572193,0.74471503,0.5202198,0.52058905,0.022001293,0.029589912,0.27495435,0.036628105,0.061291132,0.061434798,0.27496859,0.46320346,0.30101678,0.4622564,0.52102959,0.24154387,0.9017669,1.0046996,1.0655264,1.2292182,1.3954664,1.5219285,1.2211716,1.1881402,-0.022001293,-0.029589912,-0.098679639,-0.036628105,-0.061291132,-0.061434798,-0.09869387,-0.17447637,-0.12474205,-0.17352931,-0.10580225,-0.24154387,-0.18231417,-0.1982923,-0.2653583,-0.058159076,-0.26402259,-0.032498483,-0.18073195,-0.14696212
South Asia,Chemical,All firms,3.51E-14,3.48E-14,3.56E-14,3.69E-14,3.74E-14,3.74E-14,3.76E-14,0.48121184,0.2937912,0.48121181,0.2937912,-0.2937912,0.48121184,0.48121181,0.33865771,0.50988686,0.74360472,0.62329119,0.71145403,0.30924577,0.41985622,0.68688685,0.64350903,0.15837961,0.43770495,0.51840943,0.38877046,1.7489107,1.0955986,1.8155102,1.4558489,0.59999502,1.8840126,1.9024752,1.4518827,1.9978191,2.7014618,2.3723366,2.5930052,1.1850058,-0.41985622,-0.68688685,-0.64350903,-0.15837961,-0.43770495,-0.51840943,-0.38877046,-0.78648692,-0.50801617,-0.85308647,-0.86826652,-1.1875774,-0.92158896,-0.94005156,-0.77456731,-0.9780454,-1.2142522,-1.1257542,-1.1700971,-0.56651425
South Asia,Computers & Communications,All firms,-1.09E-15,-1.08E-15,-1.18E-15,-1.04E-15,-1.20E-15,-1.06E-15,-1.14E-15,-1.28E-15,-1.17E-15,-1.18E-15,-1.29E-15,-1.26E-15,-1.07E-15,-9.36E-16,-1.22E-15,0.62514514,0.88137358,1.7362776,0.26945475,1.1868128,1.18E-13,1.17E-13,1.21E-13,1.14E-13,1.24E-13,1.14E-13,1.24E-13,1.31E-13,1.21E-13,1.24E-13,1.28E-13,1.28E-13,1.14E-13,1.11E-13,1.24E-13,0.62514514,0.88137358,1.7362776,0.26945475,1.1868128,-1.20E-13,-1.20E-13,-1.23E-13,-1.16E-13,-1.27E-13,-1.16E-13,-1.26E-13,-1.33E-13,-1.23E-13,-1.26E-13,-1.31E-13,-1.31E-13,-1.16E-13,-1.13E-13,-1.27E-13,0.62514514,0.88137358,1.7362776,0.26945475,1.1868128
South Asia,Drugs & Medical,All firms,4.82E-15,5.28E-15,0.88137358,4.98E-15,4.41E-15,4.64E-15,0.88137358,4.42E-15,4.19E-15,4.75E-15,1.1947633,0.88137358,2.1536283,2.5884011,2.9848673,2.8191168,3.426405,2.9596257,2.7983813,3.0913403,4.09E-13,4.35E-13,0.88137358,4.23E-13,3.63E-13,3.94E-13,0.88137358,3.61E-13,3.49E-13,3.89E-13,1.1947633,0.88137358,2.1536283,2.5884011,2.9848673,2.8191168,3.426405,2.9596257,2.7983813,3.0913403,-4.00E-13,-4.25E-13,0.88137358,-4.13E-13,-3.54E-13,-3.85E-13,0.88137358,-3.52E-13,-3.41E-13,-3.79E-13,1.1947632,0.88137358,2.1536281,2.5884008,2.9848673,2.8191168,3.426405,2.9596257,2.7983813,3.0913403
South Asia,Electrical & Electronic,All firms,0,0,0,0,0,0,0,0,0,0,0,0,0,0,0,0,0,0,0,0,0,0,0,0,0,0,0,0,0,0,0,0,0,0,0,0,0,0,0,0,0,0,0,0,0,0,0,0,0,0,0,0,0,0,0,0,0,0,0,0
South Asia,Mechanical,All firms,3.63E-16,3.64E-16,3.62E-16,3.61E-16,3.48E-16,3.66E-16,3.72E-16,3.33E-16,3.75E-16,3.68E-16,3.85E-16,3.90E-16,3.46E-16,4.05E-16,4.06E-16,0.88137358,3.43E-16,3.43E-16,3.60E-16,3.58E-16,3.03E-14,3.09E-14,3.06E-14,3.07E-14,2.97E-14,3.10E-14,3.17E-14,2.87E-14,3.14E-14,3.08E-14,3.23E-14,3.27E-14,2.95E-14,3.42E-14,3.44E-14,0.88137358,2.91E-14,2.91E-14,3.06E-14,3.03E-14,-2.96E-14,-3.01E-14,-2.98E-14,-3.00E-14,-2.90E-14,-3.03E-14,-3.10E-14,-2.81E-14,-3.06E-14,-3.01E-14,-3.15E-14,-3.19E-14,-2.88E-14,-3.34E-14,-3.36E-14,0.88137358,-2.84E-14,-2.84E-14,-2.99E-14,-2.96E-14
South Asia,Others,All firms,-6.91E-15,-6.81E-15,-7.44E-15,-7.41E-15,-6.77E-15,-6.66E-15,-7.41E-15,-7.31E-15,-6.83E-15,-6.53E-15,-7.25E-15,-7.21E-15,-6.49E-15,-6.49E-15,-7.17E-15,-7.12E-15,-0.44068679,0.44068679,-7.15E-15,-7.11E-15,2.37E-08,2.37E-08,2.37E-08,2.37E-08,2.37E-08,2.37E-08,2.37E-08,2.37E-08,2.37E-08,2.37E-08,2.37E-08,2.37E-08,2.37E-08,2.37E-08,2.37E-08,2.37E-08,1.0974878,1.9788613,2.37E-08,2.37E-08,-2.37E-08,-2.37E-08,-2.37E-08,-2.37E-08,-2.37E-08,-2.37E-08,-2.37E-08,-2.37E-08,-2.37E-08,-2.37E-08,-2.37E-08,-2.37E-08,-2.37E-08,-2.37E-08,-2.37E-08,-2.37E-08,-1.9788613,-1.0974878,-2.37E-08,-2.37E-08
Southeast Asia,All technologies,All firms,0.00072571,0.000269954,0.000257485,-0.018661883,-0.025277376,-0.042882573,-0.086642154,-0.03934909,-0.051090818,-0.078271955,-0.075027756,-0.008730156,-0.019362696,-0.019274907,-0.06505248,-0.059327062,-0.073314175,-0.045378327,-0.15533404,-0.2089752,0.006448509,0.005470565,0.005687041,0.009159201,0.008356427,0.002300734,-0.00709712,0.003304415,-0.001739251,-0.005741636,-0.002186699,0.049276799,0.075219028,0.089870982,0.050288364,0.054222863,0.065963052,0.097810991,0.026857726,-0.018652413,-0.004997089,-0.004930656,-0.005172071,-0.046482965,-0.058911182,-0.088065878,-0.1661872,-0.082002595,-0.10044239,-0.15080227,-0.14786881,-0.066737108,-0.11394441,-0.1284208,-0.18039332,-0.17287698,-0.21259139,-0.18856764,-0.33752581,-0.39929798
Southeast Asia,Chemical,All firms,0.002093972,0.000674192,0.001177438,-0.004850287,-0.01243968,-0.002777356,-0.001203981,-0.005064772,0.006082621,-0.011406533,-0.18894635,0.018385623,-0.035089511,0.3827897,-0.039734844,-0.046614252,-0.003252201,0.019626323,-0.26319522,-0.12983286,0.024558773,0.011035792,0.018983502,0.025112029,0.070853382,0.031884789,0.019778663,0.040411413,0.066796727,0.1182662,0.24711183,0.14993103,0.18018839,0.9803437,0.24599671,0.26512006,0.20993057,0.17649604,0.1668307,0.1740922,-0.02037083,-0.009687408,-0.016628627,-0.034812603,-0.095732749,-0.037439503,-0.022186626,-0.050540958,-0.054631487,-0.14107928,-0.62500453,-0.11315978,-0.2503674,-0.21476431,-0.32546639,-0.35834858,-0.21643497,-0.13724339,-0.69322115,-0.43375793
Southeast Asia,Computers & Communications,All firms,0.007114641,-0.003566427,0.003329124,0.002224123,-0.062788956,0.000364825,-0.11876827,-0.12302669,-0.094252281,-0.06874647,-0.063524179,-0.082821205,-0.025798377,-0.028576413,-0.054813344,0.020462854,-0.017214082,-0.31281042,-0.49283656,-0.51108658,0.047723733,0.03947274,0.047203366,0.047468141,0.066625021,0.041533478,0.061585691,0.075077303,0.12786701,0.039039768,0.10977571,0.13138558,0.099339485,0.18648021,0.28260192,0.34646001,0.51838487,0.20084067,0.19479208,0.14568348,-0.03349445,-0.046605591,-0.040545117,-0.043019895,-0.19220294,-0.040803827,-0.29912221,-0.32113069,-0.31637159,-0.17653272,-0.23682408,-0.29702801,-0.15093625,-0.24363303,-0.3922286,-0.3055343,-0.55281305,-0.82646149,-1.1804652,-1.1678566
Southeast Asia,Drugs & Medical,All firms,-0.002613246,-0.002843405,-0.002480433,-0.009407166,-0.009230913,-0.010066232,-0.016499853,-0.009690761,-3.9141E-05,0.002877248,0.017101718,-0.038152244,-0.050721139,-0.062207498,-0.06792888,-0.1285326,0.077784568,0.11682019,-0.052257851,-0.14957555,0.025538458,0.027646383,0.02745848,0.082357436,0.093705751,0.090489805,0.14147864,0.094747573,0.089478567,0.13104986,0.23325035,0.15654534,0.13415812,0.16911229,0.46997663,0.1092846,1.373794,0.41302344,1.3576862,0.8541261,-0.03076495,-0.033333194,-0.032419346,-0.10117177,-0.11216757,-0.11062227,-0.17447834,-0.11412909,-0.08955685,-0.12529537,-0.19904691,-0.23284984,-0.2356004,-0.29352731,-0.60583442,-0.36634979,-1.2182249,-0.17938305,-1.4622018,-1.1532772
Southeast Asia,Electrical & Electronic,All firms,-0.001313294,-0.000516865,-0.001247261,-0.027922468,-0.049882393,-0.10903725,-0.13555923,-0.003303125,-0.024729798,-0.040130865,0.037958566,0.008207533,0.020983869,0.002629862,-0.027933834,0.03898273,-0.063181661,0.08765655,0.15474954,-0.040100481,0.012363571,0.009345667,0.010591353,0.032864165,0.044281296,0.029731946,0.061787292,0.026610298,0.023412278,0.014241331,0.16601372,0.16617692,0.22855973,0.20138547,0.19479188,0.24961901,0.19926262,0.37868157,0.39069027,0.23827595,-0.014990159,-0.010379397,-0.013085876,-0.088709101,-0.14404608,-0.24780644,-0.33290574,-0.033216547,-0.072871871,-0.09450306,-0.090096593,-0.14976186,-0.186592,-0.19612573,-0.25065956,-0.17165355,-0.32562593,-0.20336847,-0.081191175,-0.31847692
Southeast Asia,Mechanical,All firms,0.002200777,-0.001141598,-0.004747816,-0.000372716,-0.003161718,-0.063798554,-0.13796908,-0.074623249,-0.11147267,-0.12174406,-0.2815139,-0.012282035,0.022926621,-0.23730038,-0.22244054,-0.24920584,-0.23645101,-0.10604306,-0.39848742,-0.4586632,0.021041542,0.019031176,0.021932278,0.023432501,0.03969676,0.069957525,0.13614269,0.056928653,0.024363982,0.16454166,-0.046481427,0.042681947,0.31790364,0.12283061,0.088912904,0.12872985,0.050652284,0.24215461,0.077479139,0.063770577,-0.016639989,-0.021314373,-0.031427909,-0.024177933,-0.046020195,-0.19755463,-0.41208082,-0.20617516,-0.24730933,-0.40802976,-0.51654637,-0.06724602,-0.27205041,-0.59743136,-0.53379399,-0.62714154,-0.52355433,-0.45424074,-0.87445396,-0.98109692
Southeast Asia,Others,All firms,-0.000878213,-0.000478528,-0.000976716,-0.068378724,-0.00129814,-0.014749822,-0.00081704,-0.002759074,-0.011595455,-0.17880499,-0.002547286,0.047183033,-0.12841792,0.005139799,0.010906441,-0.072273202,0.003732914,0.002966125,-0.000850013,0.045139499,0.013021555,0.013567528,0.00991821,0.079778306,0.011235247,0.016126536,0.013529195,0.02445952,0.036779191,0.082277395,0.031565469,0.15612888,0.1532965,0.18429005,0.22670682,0.064965509,0.057495821,0.24662693,0.029623903,0.1364985,-0.014777981,-0.014524585,-0.011871642,-0.21653575,-0.013831526,-0.045626178,-0.015163276,-0.029977668,-0.059970103,-0.4398874,-0.036660038,-0.061762825,-0.41013235,-0.17401046,-0.20489393,-0.20951192,-0.050029993,-0.24069467,-0.031323928,-0.046219502
All regions,All technologies,Bottom 80%,-0.020205718,0.007312475,-0.00483126,0.005686894,0.023542777,0.007203522,0.031936411,0.016828606,0.028430279,0.042017043,0.096239999,0.14315562,0.14082555,0.20664982,0.17832282,0.17603809,0.17226025,0.19007276,0.22489715,0.21051632,0.008849467,0.038224656,0.024525244,0.037058372,0.055347558,0.039816625,0.067706339,0.051544007,0.063825496,0.080494389,0.13513793,0.18572102,0.18425137,0.25192738,0.22701496,0.22349606,0.22249618,0.24246448,0.27994102,0.26585913,-0.049260899,-0.023599705,-0.034187764,-0.025684582,-0.008262006,-0.025409581,-0.003833515,-0.017886793,-0.006964932,0.003539695,0.057342071,0.10059021,0.097399734,0.16137229,0.1296307,0.12858011,0.12202432,0.13768102,0.16985327,0.15517353
All regions,All technologies,Top 1%,-0.016783729,-0.028403204,0.000837102,-0.007486984,-0.020269282,0.014158128,0.013337105,0.021748828,0.013479573,0.019065745,0.065113164,0.063881531,0.08924643,0.0779953,0.075147562,0.12450556,0.12442648,0.13997348,0.15158716,0.16590406,0.030984441,0.017242819,0.052116893,0.039982494,0.033578038,0.067554109,0.073709749,0.077997304,0.076339744,0.078479491,0.13183813,0.13031931,0.1571542,0.1493271,0.15101252,0.20195509,0.20221761,0.22570211,0.24251063,0.25797004,-0.064551897,-0.074049227,-0.050442688,-0.054956459,-0.074116603,-0.039237849,-0.047035541,-0.034499653,-0.0493806,-0.040348001,-0.001611796,-0.002556259,0.021338657,0.006663507,-0.000717412,0.047056012,0.046635356,0.054244854,0.0606637,0.073838092
